p_final,p_LassocB,p_LassocA|B,p_AassocB|L,p_LindB|A,OS Test 4,child_seed,parent_seed
0.7828685258964143,0.3107569721115538,0.7828685258964143,0.00199203187250996,0.00597609561752988,0.48642461387158903,1790253606393658639,123014779486725488024274014071265626437
0.7729083665338645,0.7729083665338645,0.01195219123505976,0.00199203187250996,0.15737051792828685,0.44685132859396726,2362342427543046711,same
0.5219123505976095,0.5219123505976095,0.448207171314741,0.00199203187250996,0.00199203187250996,0.4766080640974908,3449667685840301818,same
0.3545816733067729,0.3545816733067729,0.025896414342629483,0.00199203187250996,0.28087649402390436,0.4410807517381141,747812041831449527,same
0.4063745019920319,0.19721115537848605,0.4063745019920319,0.00199203187250996,0.00199203187250996,0.483996327310118,8454924793873812135,same
0.6932270916334662,0.41832669322709165,0.6932270916334662,0.00199203187250996,0.0697211155378486,0.461638220767771,4116597694663588922,same
0.6653386454183267,0.6653386454183267,0.4163346613545817,0.00199203187250996,0.46215139442231074,0.4589144182933293,6407728270269609931,same
0.5059760956175299,0.045816733067729085,0.09760956175298804,0.00199203187250996,0.5059760956175299,0.4623902084256715,4277688757394250929,same
0.6752988047808764,0.6752988047808764,0.055776892430278883,0.00199203187250996,0.4900398406374502,0.46234054148677084,7173256536019397920,same
0.4063745019920319,0.08565737051792828,0.0199203187250996,0.01593625498007968,0.4063745019920319,0.45031507810720334,5604763159984950212,same
0.6394422310756972,0.6394422310756972,0.00199203187250996,0.00199203187250996,0.2549800796812749,0.35815269635254754,4394519602104591099,same
0.8107569721115537,0.8107569721115537,0.00199203187250996,0.00199203187250996,0.18326693227091634,0.40552147198505945,2006112324032965595,same
0.42231075697211157,0.42231075697211157,0.00199203187250996,0.00199203187250996,0.27689243027888444,0.41260275991596485,138497090260229857,same
0.6235059760956175,0.5856573705179283,0.00199203187250996,0.00199203187250996,0.6235059760956175,0.39559679176524687,3768659741467671844,same
0.4721115537848606,0.4721115537848606,0.00199203187250996,0.00199203187250996,0.14342629482071714,0.3820781744882739,3818682750953147955,same
0.21713147410358566,0.21713147410358566,0.00199203187250996,0.00199203187250996,0.02390438247011952,0.39087738339815664,4775811886712150829,same
0.9083665338645418,0.9083665338645418,0.00199203187250996,0.00199203187250996,0.2350597609561753,0.3865520474717355,3362070067061462554,same
0.36852589641434264,0.00597609561752988,0.00199203187250996,0.00199203187250996,0.36852589641434264,0.4113304079186331,8177874164127614967,same
0.8147410358565738,0.6414342629482072,0.00398406374501992,0.00199203187250996,0.8147410358565738,0.42785152644089264,5219703050774349247,same
0.7231075697211156,0.21713147410358566,0.00199203187250996,0.00199203187250996,0.7231075697211156,0.4206376691243125,4647907171342949385,same
0.8406374501992032,0.8406374501992032,0.00199203187250996,0.00199203187250996,0.027888446215139442,0.32012711219697787,7276923535666976267,same
0.7310756972111554,0.603585657370518,0.00199203187250996,0.00199203187250996,0.7310756972111554,0.31674260331061305,2157775047878546861,same
0.00199203187250996,0.00199203187250996,0.00199203187250996,0.00199203187250996,0.00199203187250996,0.33075146797982435,1939450232325932027,same
0.00199203187250996,0.00199203187250996,0.00199203187250996,0.00199203187250996,0.00199203187250996,0.28998989217632665,3226949278210049817,same
0.00199203187250996,0.00199203187250996,0.00199203187250996,0.00199203187250996,0.00199203187250996,0.33158343906385024,2999477892685255342,same
0.04780876494023904,0.04780876494023904,0.00199203187250996,0.00199203187250996,0.037848605577689244,0.31299133797748446,8763013454894798990,same
0.00199203187250996,0.00199203187250996,0.00199203187250996,0.00199203187250996,0.00199203187250996,0.28971857042631916,5194581369973478861,same
0.4362549800796813,0.4362549800796813,0.00199203187250996,0.00199203187250996,0.23107569721115537,0.33053138845543706,297951041477900945,same
0.00199203187250996,0.00199203187250996,0.00199203187250996,0.00199203187250996,0.00199203187250996,0.27037278485304966,4051164333768571553,same
0.00199203187250996,0.00199203187250996,0.00199203187250996,0.00199203187250996,0.00199203187250996,0.33898605060896125,6623866435785738126,same
0.750996015936255,0.250996015936255,0.00199203187250996,0.00199203187250996,0.750996015936255,0.2232556012864272,5569720842788259664,same
0.8087649402390438,0.36254980079681276,0.00199203187250996,0.00199203187250996,0.8087649402390438,0.24160513830265568,4722674167423666114,same
0.00199203187250996,0.00199203187250996,0.00199203187250996,0.00199203187250996,0.00199203187250996,0.23223655091521447,1584771881864133422,same
0.08764940239043825,0.08764940239043825,0.00199203187250996,0.00199203187250996,0.00796812749003984,0.23474316137958254,1752220248268692103,same
0.00199203187250996,0.00199203187250996,0.00199203187250996,0.00199203187250996,0.00199203187250996,0.24576956063052757,482004834949911368,same
0.00199203187250996,0.00199203187250996,0.00199203187250996,0.00199203187250996,0.00199203187250996,0.22838238757670692,3243876111143095372,same
0.00199203187250996,0.00199203187250996,0.00199203187250996,0.00199203187250996,0.00199203187250996,0.21527795026229796,4544475940879290711,same
0.00199203187250996,0.00199203187250996,0.00199203187250996,0.00199203187250996,0.00199203187250996,0.21797214778004712,1681280571893827060,same
0.00199203187250996,0.00199203187250996,0.00199203187250996,0.00199203187250996,0.00199203187250996,0.21658337271408448,4923874626554665281,same
0.00199203187250996,0.00199203187250996,0.00199203187250996,0.00199203187250996,0.00199203187250996,0.22437127382152658,8347906052855583680,same
0.4820717131474104,0.1892430278884462,0.00199203187250996,0.00199203187250996,0.4820717131474104,0.16688337641239334,2306329124836006697,same
0.6912350597609562,0.6912350597609562,0.00199203187250996,0.00199203187250996,0.5378486055776892,0.16034879192609783,5698521473850953748,same
0.0199203187250996,0.0199203187250996,0.00199203187250996,0.00199203187250996,0.00398406374501992,0.13461447996795153,6533823449287069174,same
0.12749003984063745,0.021912350597609563,0.00199203187250996,0.00199203187250996,0.12749003984063745,0.1524959579231097,6552598830958933356,same
0.00199203187250996,0.00199203187250996,0.00199203187250996,0.00199203187250996,0.00199203187250996,0.17988572976473108,1633229254737339752,same
0.00199203187250996,0.00199203187250996,0.00199203187250996,0.00199203187250996,0.00199203187250996,0.14279499410966742,934758511116896571,same
0.00199203187250996,0.00199203187250996,0.00199203187250996,0.00199203187250996,0.00199203187250996,0.15765320587416437,127901470031743034,same
0.00199203187250996,0.00199203187250996,0.00199203187250996,0.00199203187250996,0.00199203187250996,0.1591778394151203,5244726272527765295,same
0.00199203187250996,0.00199203187250996,0.00199203187250996,0.00199203187250996,0.00199203187250996,0.17373461044414365,2736270929762272673,same
0.00199203187250996,0.00199203187250996,0.00199203187250996,0.00199203187250996,0.00199203187250996,0.14594969489960102,6255176882643761196,same
0.9422310756972112,0.30876494023904383,0.00199203187250996,0.00199203187250996,0.9422310756972112,0.1154432880872944,6464264497543027796,same
0.6414342629482072,0.0199203187250996,0.00199203187250996,0.00199203187250996,0.6414342629482072,0.09014849055321432,3997016365344213859,same
0.8286852589641435,0.8286852589641435,0.00199203187250996,0.00199203187250996,0.00199203187250996,0.10096271320859791,6596826920124802587,same
0.6932270916334662,0.6932270916334662,0.00199203187250996,0.00199203187250996,0.08167330677290836,0.09551236227813552,4556648254256345296,same
0.00199203187250996,0.00199203187250996,0.00199203187250996,0.00199203187250996,0.00199203187250996,0.09666380618845183,5830111486540627594,same
0.00199203187250996,0.00199203187250996,0.00199203187250996,0.00199203187250996,0.00199203187250996,0.11980473832962617,6166396954975685577,same
0.00199203187250996,0.00199203187250996,0.00199203187250996,0.00199203187250996,0.00199203187250996,0.1050143362997515,7285118259478694113,same
0.00199203187250996,0.00199203187250996,0.00199203187250996,0.00199203187250996,0.00199203187250996,0.095714034864927,4774811968617283330,same
0.00199203187250996,0.00199203187250996,0.00199203187250996,0.00199203187250996,0.00199203187250996,0.12040804794963307,996151819570576233,same
0.00199203187250996,0.00199203187250996,0.00199203187250996,0.00199203187250996,0.00199203187250996,0.10854601433963734,1101947385812650824,same
0.34462151394422313,0.26294820717131473,0.00199203187250996,0.00199203187250996,0.34462151394422313,0.06392775398070978,8907835414300187888,same
0.7330677290836654,0.055776892430278883,0.00199203187250996,0.00199203187250996,0.7330677290836654,0.06606294872553192,8929261368890408492,same
0.045816733067729085,0.03386454183266932,0.00199203187250996,0.00199203187250996,0.045816733067729085,0.0705575436944398,134301796973821930,same
0.099601593625498,0.053784860557768925,0.00199203187250996,0.00199203187250996,0.099601593625498,0.05778619973071765,4924336660918230783,same
0.00199203187250996,0.00199203187250996,0.00199203187250996,0.00199203187250996,0.00199203187250996,0.05941056252096908,4332903989813541561,same
0.00398406374501992,0.00199203187250996,0.00199203187250996,0.00199203187250996,0.00398406374501992,0.07855755987403477,422883118634414701,same
0.00199203187250996,0.00199203187250996,0.00199203187250996,0.00199203187250996,0.00199203187250996,0.07026155319319739,414242236216324139,same
0.00199203187250996,0.00199203187250996,0.00199203187250996,0.00199203187250996,0.00199203187250996,0.06474711308319121,8066625967674064411,same
0.00199203187250996,0.00199203187250996,0.00199203187250996,0.00199203187250996,0.00199203187250996,0.05313757056542535,3904945730216329293,same
0.00199203187250996,0.00199203187250996,0.00199203187250996,0.00199203187250996,0.00199203187250996,0.0676696036700223,8336440943007035311,same
0.8764940239043825,0.3286852589641434,0.00199203187250996,0.00199203187250996,0.8764940239043825,0.018641021493431637,6036600646337571441,same
0.5418326693227091,0.5418326693227091,0.00199203187250996,0.00199203187250996,0.045816733067729085,0.018063224745131504,5715714857574283232,same
0.20119521912350596,0.029880478087649404,0.00199203187250996,0.00199203187250996,0.20119521912350596,0.022510683699525608,8780337892554753367,same
0.5916334661354582,0.5916334661354582,0.00199203187250996,0.00199203187250996,0.025896414342629483,0.02452731122129869,89646329260055955,same
0.18326693227091634,0.18326693227091634,0.00199203187250996,0.00199203187250996,0.03386454183266932,0.020334822696786607,7799788614974629971,same
0.27091633466135456,0.0099601593625498,0.00199203187250996,0.00199203187250996,0.27091633466135456,0.024886280109379114,918622883035637838,same
0.00199203187250996,0.00199203187250996,0.00199203187250996,0.00199203187250996,0.00199203187250996,0.02243588940491371,8106496956559453983,same
0.14342629482071714,0.00199203187250996,0.00199203187250996,0.00199203187250996,0.14342629482071714,0.018115915753471767,2199250078814938896,same
0.00199203187250996,0.00199203187250996,0.00199203187250996,0.00199203187250996,0.00199203187250996,0.01779562241920138,9039412028007482193,same
0.00199203187250996,0.00199203187250996,0.00199203187250996,0.00199203187250996,0.00199203187250996,0.024757763601929716,6347572988841075548,same
0.9482071713147411,0.4442231075697211,0.00199203187250996,0.00199203187250996,0.9482071713147411,0.004628873028823013,5312331224641430792,same
0.7450199203187251,0.7270916334661355,0.00199203187250996,0.00199203187250996,0.7450199203187251,0.007471897691993965,6879722579501060294,same
0.2649402390438247,0.00199203187250996,0.00199203187250996,0.00199203187250996,0.2649402390438247,0.0061806396179710996,3856606623730132243,same
0.17131474103585656,0.08764940239043825,0.00199203187250996,0.00199203187250996,0.17131474103585656,0.005615157121660092,7533116081914593634,same
0.28286852589641437,0.28286852589641437,0.00199203187250996,0.00199203187250996,0.029880478087649404,0.006211057492078469,7747896390211334232,same
0.651394422310757,0.47808764940239046,0.00199203187250996,0.00199203187250996,0.651394422310757,0.007226659127060818,2301974312767079945,same
0.350597609561753,0.00199203187250996,0.00199203187250996,0.00199203187250996,0.350597609561753,0.0033937397842301095,5045243045419355891,same
0.7071713147410359,0.00199203187250996,0.00199203187250996,0.00199203187250996,0.7071713147410359,0.007193132989676397,6833555666953357460,same
0.00199203187250996,0.00199203187250996,0.00199203187250996,0.00199203187250996,0.00199203187250996,0.010196253647922156,2291026677663504442,same
0.6792828685258964,0.00199203187250996,0.00199203187250996,0.00199203187250996,0.6792828685258964,0.0030985129055662365,4058054121952874956,same
0.9900398406374502,0.21314741035856574,0.00199203187250996,0.00199203187250996,0.9900398406374502,0.0011518439832326375,3017532281995574189,same
0.37250996015936255,0.37250996015936255,0.00199203187250996,0.00199203187250996,0.3147410358565737,0.00186212524804316,1518080306827151046,same
0.46215139442231074,0.46215139442231074,0.00199203187250996,0.00199203187250996,0.36852589641434264,0.0023668020738204245,7583390648523527560,same
0.4900398406374502,0.08764940239043825,0.00199203187250996,0.00199203187250996,0.4900398406374502,0.0022422317243868508,9109007456786826674,same
0.3804780876494024,0.00199203187250996,0.00199203187250996,0.00199203187250996,0.3804780876494024,0.0006459678540601377,3105053731349372174,same
0.38645418326693226,0.00199203187250996,0.00199203187250996,0.00199203187250996,0.38645418326693226,0.0010221511155926054,7161233948210484254,same
0.23904382470119523,0.08764940239043825,0.00199203187250996,0.00199203187250996,0.23904382470119523,0.0005304537457007061,7834070359583291290,same
0.7629482071713147,0.7629482071713147,0.00199203187250996,0.00199203187250996,0.049800796812749,0.0007107177525041063,4427180175610600364,same
0.2689243027888446,0.00199203187250996,0.00199203187250996,0.00199203187250996,0.2689243027888446,0.0006572206446272457,5939565725149172030,same
0.23904382470119523,0.00199203187250996,0.00199203187250996,0.00199203187250996,0.23904382470119523,0.003118044730437493,4257232035335337012,same
