,loss_LA_pear,_step,dataset,loss_LA_p,loss_LA_nlcor,_runtime,loss_LB_p,loss_LA_spear,loss_LB_pear,loss_LB_nlcor,loss_LB_spear,loss_LA_mutual,loss_LB_mutual,_timestamp,true_LA,true_LB
0,-0.13185399916558527,0,0,0.0,0.13185399916558527,398,0.24,-0.12920124478175254,-0.05281189073704008,0.05281189073704008,-0.047730417705979786,0.0,0.0025472427418669064,1646661510,-0.08274005353450775,-0.23342721164226532
1,-0.15494109542488818,1,1,0.0,0.15494109542488818,788,0.67,-0.15522804484969493,-0.014244024050276742,0.09203712700380291,-0.006135789971178998,0.012903006308922382,0.01067782904787351,1646661900,1.063246488571167,-0.37085655331611633
2,0.22713667148173394,2,2,0.87,0.22713667148173394,1179,0.61,0.19248480993099895,-0.029303049355398715,0.15432024899230543,-0.027856570910629496,0.03772477246356831,0.0,1646662291,1.3747165203094482,-0.29850175976753235
3,0.5408995920582649,3,3,0.0,0.5408995920582649,1568,0.68,0.5633426395368908,0.029038161117121472,0.05013265993755772,0.030191875018050575,0.17625316608970976,0.0,1646662680,0.1037534698843956,0.4752456843852997
4,-0.5030546953679751,4,4,0.0,0.5030546953679751,1956,0.12,-0.5195560011855662,-0.05457268200041884,0.05457268200041885,-0.06695583610990878,0.15121660508316936,0.034208227328133,1646663068,-0.06284023076295853,0.6298004388809204
5,-0.21185256733803773,5,5,0.0,0.21185256733803773,2347,0.88,-0.2093756077513255,0.010935470791643098,0.10023574627511621,0.01058309134212707,0.0,0.01251680624957796,1646663459,-0.03641485422849655,0.35404959321022034
6,-0.2500279815577938,6,6,0.0,0.2500279815577939,2736,0.74,-0.25901355159781836,-0.08072366086358478,0.08072366086358478,-0.08197676081963966,0.020743912073593718,0.0005168746412167469,1646663848,0.31369370222091675,-0.012718911282718182
7,-0.8342596425764723,7,7,0.0,0.8342596425764724,3126,0.46,-0.834094636090595,-0.0010459086532206138,0.12155446906394558,-0.0017236725264173649,0.5419801235543793,0.009976877929648964,1646664238,0.27495241165161133,-0.1242053359746933
8,0.13551253970268362,8,8,0.04,0.1355125397026836,3517,0.6,0.16945114957907628,0.015051529695337173,0.07156354898431407,0.021056460954392862,0.00343836958154764,0.0,1646664629,0.12920883297920227,1.070686936378479
9,0.6343513065139792,9,9,0.0,0.6343513065139793,3907,0.64,0.6615771063089861,0.09713028347787415,0.09713028347787417,0.0928875996908808,0.27193309694443135,0.016603330061148558,1646665019,-0.30293700098991394,-0.08146195113658905
10,-0.8342596425764723,10,10,0.0,0.8342596425764724,4299,0.13,-0.834094636090595,0.04241361260778754,0.042413612607787525,0.029275288499860278,0.5419801235543793,0.028800128550737325,1646665411,0.26663923263549805,0.503113865852356
11,-0.14711301840223207,11,11,0.0,0.14711301840223207,4690,0.01,-0.14167552181820817,-0.08219163268167574,0.08219163268167572,-0.07781852547539918,0.0,0.0,1646665802,0.379588782787323,0.9241660833358765
12,0.13551253970268362,12,12,0.05,0.1355125397026836,5082,0.06,0.16945114957907628,-0.06281396272567161,0.06281396272567161,-0.06747215123197647,0.0036917181085405204,0.0,1646666194,0.128177672624588,0.6985492706298828
13,-0.33247040189175114,13,13,0.0,0.3324704018917511,5474,0.89,-0.3369813129213575,-0.05016145900592738,0.13832742714948984,-0.04469922084538752,0.05722891998593793,0.0,1646666586,0.07840042561292648,0.005273822229355574
14,0.11180810492413679,14,14,0.0,0.1118081049241368,5866,0.64,0.0915255612667908,0.022832705413286095,0.15086896914246778,0.020467170672432505,0.009478625765815707,0.0,1646666978,0.12763305008411407,0.7655134797096252
15,0.13551253970268362,15,15,0.05,0.1355125397026836,6259,0.15,0.16945114957907628,-0.04412170409718826,0.04412170409718827,-0.03088845607742554,0.004172818750372009,0.0,1646667371,0.12655727565288544,0.029632272198796272
16,0.572595280114286,16,16,0.0,0.5725952801142858,6649,0.87,0.5935891092104564,0.013567581016184733,0.054831570142107926,0.006095247963871104,0.2144321633316788,0.005270305456004598,1646667761,0.023763174191117287,-0.07108324766159058
17,-0.2500279815577938,17,17,0.0,0.2500279815577939,7037,0.4,-0.25901355159781836,0.03556462842420489,0.035564628424204894,0.009186700874159981,0.020743912073593718,0.0019357098670997885,1646668149,0.3133692741394043,-0.29892897605895996
18,-0.2175672926324061,18,18,0.0,0.21756729263240612,7430,0.61,-0.21970376810884976,0.01873698784046242,0.03570520765121365,0.014443690335812526,0.0,0.00042668639593745894,1646668542,0.13453581929206848,1.740901231765747
19,-0.15692971005877793,19,19,0.07,0.1569297100587779,7818,0.01,-0.15848098325034174,-0.06823782588267799,0.06823782588267797,-0.06804705113067318,0.02863985372660416,0.025930994406010877,1646668930,-0.16082768142223358,0.43427807092666626
20,0.11920390620344519,20,20,0.04,0.11920390620344516,8210,0.19,0.1102750962736371,0.054347663248232925,0.05434766324823293,0.05612184520496248,0.0,0.020317128038028986,1646669322,-0.2859097123146057,0.14009524881839752
21,-0.16437460495328327,21,21,0.0,0.1643746049532833,8602,0.84,-0.17390609537783525,-0.03906959014344069,0.039069590143440684,-0.03736031196220068,0.003606914472083389,0.0292685720443282,1646669714,1.068300724029541,-0.06153597682714462
22,-0.2500279815577938,22,22,0.0,0.2500279815577939,8994,0.57,-0.25901355159781836,0.09486665481747948,0.09486665481747951,0.09140699721034584,0.020743912073593718,0.016507924105586547,1646670106,0.31760457158088684,0.0411330908536911
23,-0.09850686531245922,23,23,0.08,0.09850686531245922,9385,0.62,-0.1086123276966613,-0.024813626428383112,0.0701035729130728,-0.03762821501569025,0.018834150491139567,0.0020468922593044336,1646670497,0.269397497177124,0.5081326961517334
24,-0.4108995801163993,24,24,0.0,0.4108995801163993,9775,0.0,-0.5926785829579636,-0.08908949109286182,0.08908949109286181,-0.0908383691955548,0.21910055053366673,0.0,1646670887,0.30334484577178955,-0.309240460395813
25,0.12228824039818376,25,25,0.13,0.12228824039818376,10166,0.16,0.12664472057746182,-0.017881540502666403,0.0763804765600708,-0.026703891740386985,0.0,0.0,1646671278,0.10290030390024185,-0.216959148645401
26,-0.4108995801163993,26,26,0.0,0.4108995801163993,10557,0.05,-0.5926785829579636,-0.07666214043767892,0.0766621404376789,-0.08142100046685798,0.21905764901904767,0.0,1646671669,0.30273982882499695,0.23383007943630219
27,-0.1092480710302544,27,27,0.12,0.10924807103025441,10950,0.42,-0.1143810630658062,-0.04423211517703726,0.07616180186721107,-0.033717121533819214,0.0,0.0,1646672062,-0.09486828744411469,0.9625913500785828
28,0.08140488169654872,28,28,0.0,0.08640657609262815,11352,0.01,0.06304975501190657,-0.11160013489914487,0.11160013489914487,-0.10233829749008465,0.0,0.0,1646672464,0.5081538558006287,0.17487964034080505
29,-0.17344581763144667,29,29,0.0,0.17344581763144667,11754,0.75,-0.17713153731510697,0.008046701216558521,0.06644698396210368,0.011646847640049524,0.01849658504231,0.0,1646672866,-0.00516919931396842,0.17435069382190704
30,-0.15494109542488818,30,30,0.0,0.15494109542488818,12154,0.54,-0.15522804484969493,-0.05098344309959914,0.050983443099599124,-0.05283409004951265,0.012903006308922382,0.013466616813123666,1646673266,1.063651442527771,0.049414414912462234
31,0.572595280114286,31,31,0.0,0.5725952801142858,12556,0.44,0.5935891092104564,0.010857655180253648,0.08661087639149256,0.024611256778563996,0.2144321633316788,0.0,1646673668,0.02457074262201786,0.40469062328338623
32,0.11180810492413679,32,32,0.0,0.1118081049241368,12956,0.13,0.0915255612667908,-0.024238755329104644,0.06270976327836113,-0.03361134935910789,0.009478625765815707,0.025091204642812226,1646674068,0.13223816454410553,0.08417220413684845
33,0.3729076660386095,33,33,0.0,0.37290766603860953,13356,0.79,0.3933030943466769,0.0290303116179704,0.02903031161797039,0.019868439224895333,0.07788646449388636,0.016099663860377422,1646674468,0.8586358428001404,-0.07756899297237396
34,-0.1312194390325122,34,34,0.25,0.1312194390325122,13756,0.23,-0.1560596885603958,-0.08115479695800812,0.08115479695800812,-0.07009033342429155,0.0,0.03261614594977935,1646674868,0.4342585802078247,-0.018842101097106934
35,-0.15338432380270495,35,35,0.0,0.15338432380270495,14160,0.01,-0.1456342388946363,0.12050781816658654,0.12050781816658655,0.13221949085821563,0.00995087820753704,0.027014503350935914,1646675272,0.14138317108154297,-0.03684564307332039
36,-0.8342596425764723,36,36,0.0,0.8342596425764724,14563,0.86,-0.834094636090595,0.034647099167049736,0.08427141480555918,0.03261405575575533,0.5419801235543793,0.0,1646675675,0.2670891582965851,0.2081373780965805
37,-0.10409211105572914,37,37,0.0,0.1040921110557291,14964,0.64,-0.09290031208656864,0.006749922332905943,0.14134209082050153,0.010674113574169636,0.023723167958807467,0.0,1646676076,0.34827521443367004,1.458563208580017
38,0.20652898610361856,38,38,0.0,0.2065289861036185,15364,0.34,0.22024716503380848,0.04835756672950646,0.04835756672950644,0.0545329123831577,0.013713762572884036,0.002560174411117888,1646676476,0.2204451560974121,0.1313363015651703
39,-0.8342596425764723,39,39,0.0,0.8342596425764724,15764,0.57,-0.834094636090595,-0.021650445401427416,0.03897217998170631,-0.03691645095949002,0.5419801235543793,0.017863125959177717,1646676876,0.26687708497047424,-0.35872700810432434
40,0.5652907830004232,40,40,0.0,0.565290783000423,16163,0.29,0.580049305156325,-0.06126929094849612,0.06126929094849611,-0.060455366371235136,0.21745787287081675,0.0,1646677275,0.7321940660476685,-0.10501344501972198
41,-0.2175672926324061,41,41,0.0,0.21756729263240612,16563,0.36,-0.21970376810884976,0.030777339843541373,0.030777339843541383,0.051874124871333076,0.0,0.0,1646677675,0.13399863243103027,1.2809998989105225
42,0.32680016820453583,42,42,0.0,0.32680016820453583,16965,0.67,0.3318377527993157,-0.0012969188900937637,0.07184828793070162,0.0014486002019308386,0.049052635357095475,0.0,1646678077,0.5094143152236938,-0.021927639842033386
43,0.12228824039818376,43,43,0.0,0.12228824039818376,17365,0.15,0.12664472057746182,0.056634776244798554,0.05663477624479855,0.06272860214855126,0.0,0.0,1646678477,0.09709961712360382,0.3435758948326111
44,0.14389857708681253,44,44,0.0,0.14389857708681256,17765,0.05,0.13511454856376637,-0.034344073566323324,0.08538828809969708,-0.03888917075034725,0.01689018743369064,0.008081163234350042,1646678877,0.6338638663291931,0.12820465862751007
45,0.08577239609599108,45,45,0.03,0.08577239609599106,18167,0.48,0.07952470526302399,-0.003899037327054728,0.09297615758826017,-0.0016132696771735179,0.0,0.0,1646679279,0.45723363757133484,0.1393074244260788
46,-0.33247040189175114,46,46,0.0,0.3324704018917511,18567,0.43,-0.3369813129213575,0.037334575661373895,0.03733457566137389,0.039130847462241554,0.05722891998593793,0.003568175487995928,1646679679,0.0742373913526535,0.29148420691490173
47,-0.09850686531245922,47,47,0.01,0.09850686531245922,18969,0.35,-0.1086123276966613,-0.016482033756686443,0.09944498081089821,-0.015569245241309895,0.018834150491139567,0.017144754722605127,1646680081,0.26585474610328674,-0.04759521037340164
48,0.7428205506758873,48,48,0.0,0.7428205506758871,19369,0.6,0.7691662970567525,-0.014156023484215893,0.04642165646274251,-0.002076962787147935,0.4008390129457018,0.0032897468280921327,1646680481,0.65277498960495,0.28841260075569153
49,0.18475462395664075,49,49,0.0,0.18475462395664072,19772,0.18,0.18321648804473503,0.05385723433754207,0.05385723433754207,0.05527931831806053,0.04440293742012069,0.0010176927548624093,1646680884,-0.17704743146896362,-0.08930982649326324
50,-0.13185399916558527,50,50,0.0,0.13185399916558527,20172,0.38,-0.12920124478175254,0.017174255083507273,0.051384580493508886,0.02217226901443537,0.0,0.0,1646681284,-0.0867931917309761,-0.1442895084619522
51,-0.2816889729857076,51,51,0.0,0.2816889729857076,20574,0.44,-0.30318541371259183,0.010883308483365304,0.06504653235389397,0.010253790841017907,0.06351851041836376,0.003355941861606926,1646681686,0.25315043330192566,0.21338947117328644
52,-0.15692971005877793,52,52,0.03,0.1569297100587779,20975,0.72,-0.15848098325034174,0.009456892382731936,0.13151625882663273,0.009625310021715567,0.02863985372660416,0.0,1646682087,-0.16228847205638885,1.899437427520752
53,-0.15494109542488818,53,53,0.0,0.15494109542488818,21375,0.08,-0.15522804484969493,-0.049335077925038426,0.04933507792503841,-0.05352411273645892,0.012903006308922382,0.0,1646682487,1.06321382522583,0.6299921274185181
54,-0.15338432380270495,54,54,0.0,0.15338432380270495,21776,0.0,-0.1456342388946363,0.07501594859284513,0.07501594859284516,0.08215941245704932,0.00995087820753704,0.0,1646682888,0.13695967197418213,0.11703692376613617
55,-0.1991912871076043,55,55,0.0,0.1991912871076043,22175,0.21,-0.22913467678809318,0.05335306038610031,0.053353060386100305,0.057234618878662095,0.04468825400688381,0.0,1646683287,0.22003939747810364,1.909716010093689
56,0.5652907830004232,56,56,0.0,0.565290783000423,22576,0.88,0.580049305156325,-0.01726762191097532,0.06363380442511683,-0.02053086174044969,0.21745787287081675,0.01506018071811499,1646683688,0.7233821749687195,0.22528885304927826
57,-0.255050988717046,57,57,0.0,0.25505098871704607,22979,0.3,-0.29058536036996124,-0.017263965188816274,0.05056780111023173,-0.02025546118801602,0.03788377689261191,0.0,1646684091,-0.36163145303726196,-0.03720559552311897
58,0.5652907830004232,58,58,0.0,0.565290783000423,23381,0.12,0.580049305156325,-0.08828455308418562,0.0882845530841856,-0.08713262523015773,0.21745787287081675,0.0,1646684493,0.7211704850196838,-0.35864919424057007
59,-0.12024514195184033,59,59,0.01,0.12024514195184036,23782,0.6,-0.13661454564247483,0.00926384481420758,0.048923366525196216,0.004846846488880846,0.0013336671410000278,0.0008909659743772114,1646684894,-0.21987318992614746,0.07754664868116379
60,-0.2816889729857076,60,60,0.0,0.2816889729857076,24182,0.76,-0.30318541371259183,0.006158646197574311,0.04062369323641526,0.004387715843220134,0.06351851041836376,0.0,1646685294,0.2512720227241516,0.9699168801307678
61,0.08140488169654872,61,61,0.0,0.08640657609262815,24582,0.8,0.06304975501190657,-0.025714507478644646,0.025714507478644642,-0.02522260829320611,0.0,0.0012224551477981738,1646685694,0.5079076290130615,0.04859629273414612
62,-0.1475301474764687,62,62,0.0,0.14753014747646873,24985,0.09,-0.15213896375398145,0.08791443363778187,0.08791443363778188,0.09400827540884427,0.007392925210343071,0.012084100913653417,1646686097,0.7273144125938416,0.6725679636001587
63,-0.22867939906634668,63,63,0.0,0.22867939906634666,25388,0.03,-0.2203466486776936,0.07586154286088764,0.07586154286088766,0.069733380910569,0.04127470273871037,0.0,1646686500,0.8131787776947021,0.42789363861083984
64,-0.15338432380270495,64,64,0.0,0.15338432380270495,25791,0.17,-0.1456342388946363,0.08240439994409388,0.08240439994409389,0.0589288301287243,0.00995087820753704,0.0,1646686903,0.1399451196193695,-0.3067636787891388
65,-0.13185399916558527,65,65,0.0,0.13185399916558527,26194,0.58,-0.12920124478175254,-0.007357950467120013,0.06848392674770089,-0.002367748190435615,0.0,0.0,1646687306,-0.08497121930122375,2.405024290084839
66,0.22713667148173394,66,66,0.0,0.22713667148173394,26596,0.93,0.19248480993099895,-0.025628961182350155,0.02562896118235015,-0.03555257895956297,0.03772477246356831,0.0008236256307758705,1646687708,1.3154489994049072,0.06425223499536514
67,0.12490615548592468,67,67,0.0,0.12490615548592468,26998,0.0,0.12238213046701542,0.16979329875257093,0.16979329875257093,0.17552792615806173,0.0,0.004639073208981159,1646688110,-0.006189113017171621,1.0849766731262207
68,-0.5513292707451086,68,68,0.0,0.5513292707451086,27400,0.24,-0.5707481396577249,0.026065878806255105,0.026065878806255105,0.022334843878047232,0.18263909226353903,0.0,1646688512,-0.05522909387946129,0.8315005302429199
69,-0.22867939906634668,69,69,0.0,0.22867939906634666,27801,0.44,-0.2203466486776936,0.003800919702587149,0.05893353930710491,-0.004885907679240159,0.04127470273871037,0.00813646429680559,1646688913,0.8129480481147766,0.2392815798521042
70,0.6712645929280316,70,70,0.0,0.6712645929280318,28203,0.0,0.6941304729993919,0.14604740969043828,0.14604740969043828,0.1381370371091923,0.2934291452401432,0.0018651139131524719,1646689315,0.5093293190002441,0.9793288111686707
71,-0.3195966033704708,71,71,0.0,0.31959660337047086,28604,0.13,-0.3122517810678963,-0.01467134112636597,0.16070035166620444,3.0446756043933076e-05,0.08798697516631226,0.00657683314736679,1646689716,0.945727527141571,0.9068008065223694
72,0.11920390620344519,72,72,0.03,0.11920390620344516,29007,0.0,0.1102750962736371,-0.1427494392290718,0.1427494392290718,-0.13285642695036864,0.0,0.033937934243561285,1646690119,-0.29227083921432495,0.5551575422286987
73,-0.17344581763144667,73,73,0.0,0.17344581763144667,29408,0.69,-0.17713153731510697,-0.025508282711625203,0.15806932600944779,-0.028131044465889692,0.01849658504231,0.0,1646690520,0.001256369985640049,1.4944634437561035
74,-0.12024514195184033,74,74,0.03,0.12024514195184036,29809,0.67,-0.13661454564247483,-0.013074206116511337,0.06513411857776855,-0.018538848404949012,0.0013336671410000278,0.0,1646690921,-0.2165573537349701,-0.046135932207107544
75,0.5652907830004232,75,75,0.0,0.565290783000423,30212,0.62,0.580049305156325,0.012620956524468959,0.0665845132163432,0.02426066880243049,0.21745787287081675,0.0,1646691324,0.7201923131942749,0.17311890423297882
76,-0.14711301840223207,76,76,0.0,0.14711301840223207,30616,0.12,-0.14167552181820817,-0.054579555916523914,0.05715594285521913,-0.0538738433332927,0.0,0.004428133332842865,1646691728,0.37978100776672363,0.14667528867721558
77,0.12654940935621456,77,77,0.01,0.12654940935621456,31018,0.26,0.1290919942920028,0.02865249414003545,0.17608429128153205,0.028137996814139418,0.0002953227032038708,0.03398659894346512,1646692130,-0.13142403960227966,0.35524263978004456
78,0.6343513065139792,78,78,0.0,0.6343513065139793,31420,0.03,0.6615771063089861,0.07820998485359555,0.07820998485359557,0.0725219054712757,0.27193309694443135,0.0,1646692532,-0.3055607080459595,0.6786974668502808
79,0.5457606861338004,79,79,0.0,0.5457606861338005,31822,0.16,0.5620296157844381,-0.048610170391525445,0.04861017039152544,-0.04766425713660612,0.1719726825396013,0.024026452791079178,1646692934,-0.3606613576412201,1.1584991216659546
80,0.18475462395664075,80,80,0.0,0.18475462395664072,32224,0.19,0.18321648804473503,0.028937500394180284,0.05238071458053033,0.024065711320719576,0.04440293742012069,0.020525639764922943,1646693336,-0.18145908415317535,0.422084778547287
81,0.7428205506758873,81,81,0.0,0.7428205506758871,32626,0.99,0.7691662970567525,-0.014352550877347383,0.04935264770258396,-0.018374693582715932,0.4008390129457018,0.0,1646693738,0.6568682789802551,0.17314442992210388
82,0.13551253970268362,82,82,0.34,0.1355125397026836,33029,0.87,0.16945114957907628,0.04115209489806469,0.041152094898064685,0.042414454495260545,0.004000959445755292,0.010044030681262806,1646694141,0.13478343188762665,-0.28883376717567444
83,-0.0896485823211102,83,83,0.52,0.08964858232111021,33433,0.64,-0.08218212992623206,0.018280060393178928,0.09350311343060147,0.03677094434989545,0.024774574287578455,0.0,1646694545,0.22832544147968292,0.8660268187522888
84,0.7428205506758873,84,84,0.0,0.7428205506758871,33835,0.26,0.7691662970567525,-0.06427276446499393,0.0642727644649939,-0.0648391249251655,0.4008390129457018,0.0013063346655139974,1646694947,0.651432991027832,0.061355747282505035
85,0.14389857708681253,85,85,0.0,0.14389857708681256,34238,0.14,0.13511454856376637,0.009755058375602123,0.06477903743167333,0.01570674024643848,0.01689018743369064,0.015739477444039807,1646695350,0.6345584392547607,1.4826143980026245
86,-0.8342596425764723,86,86,0.0,0.8342596425764724,34639,0.06,-0.834094636090595,0.05971039547438281,0.05971039547438281,0.05729514622260556,0.5419801235543793,0.0,1646695751,0.26926055550575256,1.3750792741775513
87,0.5521519999778823,87,87,0.0,0.5521519999778823,35040,0.4,0.5747302892981471,-0.020292540583354685,0.1123035257012835,-0.019591079331051035,0.18602988304108026,0.017456616243100687,1646696152,-0.31436166167259216,0.07853325456380844
88,-0.33247040189175114,88,88,0.0,0.3324704018917511,35441,0.85,-0.3369813129213575,0.0009029959958717637,0.03340206479851437,0.014786974518670167,0.05722891998593793,0.0,1646696553,0.080568827688694,-0.1605227291584015
89,0.7428205506758873,89,89,0.0,0.7428205506758871,35841,0.48,0.7691662970567525,0.022715546078805646,0.10698887719425391,0.024700296859534565,0.4008390129457018,0.0078014703682467434,1646696953,0.6684929132461548,0.6936890482902527
90,-0.13185399916558527,90,90,0.54,0.13185399916558527,36243,0.88,-0.12920124478175254,-0.03652986477810198,0.04843987997615825,-0.03072998687965604,0.0,0.0,1646697355,-0.07685887068510056,-0.23142708837985992
91,-0.6416723576808623,91,91,0.0,0.6416723576808624,36643,0.36,-0.6584605785252617,0.017491086360483094,0.1651491491781271,0.014588710337034287,0.25339833829288816,0.0,1646697755,0.44641053676605225,0.41067343950271606
92,-0.0896485823211102,92,92,0.04,0.08964858232111021,37045,0.92,-0.08218212992623206,0.014697257316245015,0.06084407924045126,0.03346782040277185,0.024774574287578455,0.0,1646698157,0.22397516667842865,-0.09593513607978821
93,-0.1475301474764687,93,93,0.0,0.14753014747646873,37449,0.85,-0.15213896375398145,-0.0022540669105794494,0.0529392262125442,-0.006930628442871294,0.007392925210343071,0.012704405690388887,1646698561,0.7272456884384155,0.6839475035667419
94,-0.13071245238427673,94,94,0.0,0.13071245238427676,37851,0.18,-0.11614760836181715,0.09239211260069918,0.09239211260069918,0.08347485615378318,0.02044935823674665,0.037038847537948616,1646698963,0.15669292211532593,-0.059416547417640686
95,-0.13185399916558527,95,95,0.0,0.13185399916558527,38255,0.7,-0.12920124478175254,0.05099144431702649,0.05099144431702649,0.06303959994233899,0.0,0.004832351992476891,1646699367,-0.08468751609325409,-0.027293004095554352
96,-0.5513292707451086,96,96,0.0,0.5513292707451086,38658,0.43,-0.5707481396577249,0.0459927835203582,0.0459927835203582,0.046405451263053746,0.18263909226353903,0.002108910303763478,1646699770,-0.06020549312233925,0.1949653923511505
97,-0.255050988717046,97,97,0.0,0.25505098871704607,39060,0.06,-0.29058536036996124,-0.0396900923151277,0.03969009231512769,-0.03894136092124923,0.038031136247267394,0.0,1646700172,-0.35664233565330505,0.16000835597515106
98,-0.15338432380270495,98,98,0.77,0.15338432380270495,39462,0.06,-0.1456342388946363,0.09148659426126036,0.09148659426126036,0.09013520062393784,0.00995087820753704,0.0,1646700574,0.15322020649909973,-0.282613068819046
99,-0.3195966033704708,99,99,0.0,0.31959660337047086,39866,0.58,-0.3122517810678963,0.021611599312957905,0.028896757043857794,0.028941333106205277,0.08798697516631226,0.00577358049946719,1646700978,0.9453356862068176,1.0586758852005005
100,0.22713667148173394,100,100,0.0,0.22713667148173394,40268,1.0,0.19248480993099895,0.032431057589855324,0.032431057589855324,0.027870108303855414,0.03772477246356831,0.032877345184934015,1646701380,1.315921664237976,-0.20442286133766174
101,-0.8342596425764723,101,101,0.0,0.8342596425764724,40670,0.3,-0.834094636090595,0.043801484993887155,0.04380148499388717,0.05697619894409525,0.5419801235543793,0.025749275002494798,1646701782,0.27758973836898804,0.9573630094528198
102,-0.1991912871076043,102,102,0.0,0.1991912871076043,41072,0.98,-0.22913467678809318,-0.037134195762030475,0.03713419576203047,-0.036575488313592336,0.04457491183319906,0.004588229773478503,1646702184,0.22021491825580597,0.09163562953472137
103,-0.22867939906634668,103,103,0.0,0.22867939906634666,41475,0.93,-0.2203466486776936,6.327050987128824e-05,0.037461229258967686,0.010391441904080421,0.04127470273871037,0.0,1646702587,0.8136671185493469,0.6740784049034119
104,-0.3195966033704708,104,104,0.0,0.31959660337047086,41875,0.0,-0.3122517810678963,0.1174475824783042,0.11744758247830418,0.11294731600431042,0.08798697516631226,0.019196198530818,1646702987,0.9456647038459778,-0.07224220782518387
105,0.572595280114286,105,105,0.0,0.5725952801142858,42277,0.36,0.5935891092104564,0.055145283600058104,0.05514528360005809,0.04962547731616037,0.2144321633316788,0.0034240479801423973,1646703389,0.029530301690101624,1.5570019483566284
106,-0.17344581763144667,106,106,0.0,0.17344581763144667,42683,0.71,-0.17713153731510697,-0.010793010772066645,0.03642288609367896,-0.004664828026612923,0.01849658504231,0.03293638964282897,1646703795,-0.0013522288063541055,0.38386866450309753
107,-0.5030546953679751,107,107,0.0,0.5030546953679751,43086,0.85,-0.5195560011855662,-0.0054835290923690725,0.06082894729600433,-0.012219702788245895,0.15121660508316936,0.00015863850276542912,1646704198,-0.0629008561372757,0.3525700867176056
108,-0.1312194390325122,108,108,0.14,0.1312194390325122,43486,0.18,-0.1560596885603958,0.06585462515277501,0.06585462515277503,0.06915647235621987,0.0,0.0,1646704598,0.42861562967300415,0.5777806043624878
109,0.572595280114286,109,109,0.0,0.5725952801142858,43887,0.7,0.5935891092104564,0.016378218573406093,0.08055537998813762,0.0191052161178671,0.2144321633316788,0.0,1646704999,0.02859705127775669,0.9089038968086243
110,0.5521519999778823,110,110,0.0,0.5521519999778823,44288,0.34,0.5747302892981471,-0.051247098553928255,0.05124709855392826,-0.05282014758869008,0.18602988304108026,0.019948388717905496,1646705400,-0.31501632928848267,0.552664577960968
111,-0.1475301474764687,111,111,0.0,0.14753014747646873,44688,0.72,-0.15213896375398145,0.040235489111955756,0.04023548911195575,0.043244550825822105,0.007392925210343071,0.02509466146009154,1646705800,0.7282426357269287,0.5186787247657776
112,0.11920390620344519,112,112,0.14,0.11920390620344516,45092,0.01,0.1102750962736371,-0.11270822450194813,0.11270822450194812,-0.11298106759499499,0.0,0.0,1646706204,-0.283271849155426,0.4942449629306793
113,0.23298972562166936,113,113,0.0,0.23298972562166934,45496,0.6,0.2609496947625652,-0.014891756432024967,0.04406611474478789,0.003436664115816326,0.04769835502134101,0.004990281266394003,1646706608,0.01770947314798832,0.5841713547706604
114,0.20652898610361856,114,114,0.0,0.2065289861036185,45900,0.88,0.22024716503380848,-0.007901119209381033,0.08992870150639819,-0.01260847238701896,0.01387186962392839,0.0014523923417011364,1646707012,0.21553407609462738,-0.05193570628762245
115,0.18475462395664075,115,115,0.0,0.18475462395664072,46300,0.4,0.18321648804473503,0.030162579705742442,0.2557971058971683,0.03608501646794833,0.04440293742012069,0.03550098972181015,1646707412,-0.1809980720281601,0.42178675532341003
116,-0.81296497579246,116,116,0.0,0.8129649757924599,46704,0.16,-0.8163622001928573,-0.008120912836282666,0.16345647621555323,0.0023389139381020402,0.47991249497914334,0.020445797794129694,1646707816,1.0991816520690918,0.11971734464168549
117,-0.17344581763144667,117,117,0.0,0.17344581763144667,47108,0.7,-0.17713153731510697,-0.0035171121815856816,0.04449235907937722,0.00010486560465917376,0.01849658504231,0.0,1646708220,-0.0004942400846630335,-0.34075498580932617
118,-0.6797033461438935,118,118,0.0,0.6797033461438935,47511,0.04,-0.70421041469071,-0.03639163775287715,0.03639163775287715,-0.029354123570477522,0.28699379737130304,0.0,1646708623,0.1694006472826004,-0.22730153799057007
119,-0.4637807547008367,119,119,0.0,0.4637807547008367,47916,0.46,-0.47695282248379345,-0.061493064102608415,0.061493064102608415,-0.06098257213444696,0.1314184729637884,0.0,1646709028,0.3589014410972595,0.18528322875499725
120,-0.10409211105572914,120,120,0.0,0.1040921110557291,48318,0.66,-0.09290031208656864,-0.03656192719123763,0.03656192719123764,-0.03908654013387696,0.023723167958807467,0.005457552694201118,1646709430,0.34858810901641846,0.50251704454422
121,-0.12024514195184033,121,121,0.02,0.12024514195184036,48721,0.86,-0.13661454564247483,0.013982655410769089,0.13161643240604948,0.006829030207022593,0.0013336671410000278,0.0,1646709833,-0.21882155537605286,0.5661931037902832
122,-0.22867939906634668,122,122,0.0,0.22867939906634666,49125,0.53,-0.2203466486776936,0.041257011954774214,0.041257011954774214,0.03646993181780717,0.04127470273871037,0.0,1646710237,0.8132206201553345,1.1598143577575684
123,0.11180810492413679,123,123,0.0,0.1118081049241368,49526,0.0,0.0915255612667908,0.06059405879505307,0.06059405879505308,0.05601666063562299,0.009478625765815707,0.0,1646710638,0.12741045653820038,-0.1930474489927292
124,-0.2791729195042905,124,124,0.0,0.27917291950429046,49930,0.58,-0.2864821839585489,-0.008027052745721188,0.0260269829084437,0.007805860449425081,0.03522052227534589,0.006250327279019086,1646711042,0.05392836034297943,0.2985806465148926
125,-0.13185399916558527,125,125,0.0,0.13185399916558527,50330,0.88,-0.12920124478175254,0.04705031281258207,0.04705031281258207,0.048183672328090295,0.0,0.0,1646711442,-0.08601222932338715,0.4376101791858673
126,-0.2500279815577938,126,126,0.0,0.2500279815577939,50732,0.48,-0.25901355159781836,-0.04552944481230382,0.04552944481230383,-0.04780737487311383,0.020743912073593718,0.0,1646711844,0.31986531615257263,0.5168384909629822
127,-0.5693353610317962,127,127,0.0,0.5693353610317962,51133,0.77,-0.6077385193618412,-0.001109625512202641,0.05681495155413848,-0.0003284359285421313,0.20453167360424818,0.013963456076378833,1646712245,0.496606707572937,0.24697880446910858
128,0.11180810492413679,128,128,0.0,0.1118081049241368,51533,0.16,0.0915255612667908,0.0009428547115640801,0.05402500872797921,-0.0016134259479012238,0.009478625765815707,0.0,1646712645,0.1280030906200409,0.2518484890460968
129,0.5457606861338004,129,129,0.0,0.5457606861338005,51935,0.41,0.5620296157844381,0.04966671674883867,0.04966671674883867,0.044958174835187846,0.1719726825396013,0.0,1646713047,-0.35423681139945984,0.09871938079595566
130,-0.5030546953679751,130,130,0.0,0.5030546953679751,52338,0.76,-0.5195560011855662,0.02228951746555289,0.14093923730746244,0.018748176455419707,0.15121660508316936,0.001790660855086168,1646713450,-0.06160261854529381,1.3784558773040771
131,-0.3613502701226485,131,131,0.0,0.3613502701226485,52738,0.11,-0.3669562026728902,-0.051858432245834515,0.051858432245834515,-0.05614946626231101,0.06932077925225189,0.0,1646713850,0.25968021154403687,0.1756245195865631
132,0.11920390620344519,132,132,0.02,0.11920390620344516,53138,0.6,0.1102750962736371,0.01688739968187362,0.04071214057399356,0.008950000145391197,0.0,2.367549480886133e-05,1646714250,-0.2924154996871948,-0.07495356351137161
133,0.14389857708681253,133,133,0.0,0.14389857708681256,53540,0.29,0.13511454856376637,0.01239404316384839,0.1495724323742907,0.03201302610935736,0.01689018743369064,0.003083132636015229,1646714652,0.6337655782699585,0.5788480639457703
134,-0.2791729195042905,134,134,0.0,0.27917291950429046,53943,1.0,-0.2864821839585489,0.01942719101263435,0.01942719101263434,0.03295243819547069,0.03522052227534589,0.0,1646715055,0.05504211038351059,-0.025061238557100296
135,-0.255050988717046,135,135,0.0,0.25505098871704607,54344,0.55,-0.29058536036996124,0.009844716047894272,0.04316296029772661,0.012718860064619277,0.03799789031722112,0.004769136309544786,1646715456,-0.3623432517051697,0.3717687427997589
136,-0.13071245238427673,136,136,0.0,0.13071245238427676,54747,0.0,-0.11614760836181715,-0.15256571197539434,0.15256571197539434,-0.1588813219559241,0.02044935823674665,0.028379436200568264,1646715859,0.15673214197158813,0.4012805223464966
137,0.572595280114286,137,137,0.0,0.5725952801142858,55152,0.51,0.5935891092104564,0.0009529501017020003,0.0562360166675914,-0.005343500714993669,0.2144321633316788,0.0,1646716264,0.02442750334739685,0.9582634568214417
138,0.5521519999778823,138,138,0.0,0.5521519999778823,55553,0.13,0.5747302892981471,-0.05030613634198362,0.05030613634198364,-0.05162952950779748,0.18602988304108026,0.018093565186500626,1646716665,-0.3051324188709259,-0.41269442439079285
139,0.5652907830004232,139,139,0.0,0.565290783000423,55957,0.96,0.580049305156325,-0.0028749515594497293,0.05624506527695643,-0.005618402652348579,0.21745787287081675,0.0021208635709446533,1646717069,0.7274107336997986,-0.4882068932056427
140,0.4380858326765981,140,140,0.0,0.4380858326765981,56360,0.24,0.45189604429179786,0.01869342367789944,0.029228176975336643,0.01020270743190848,0.09801674325675336,0.006113996848366776,1646717472,-0.1260824054479599,0.3280448317527771
141,-0.8342596425764723,141,141,0.0,0.8342596425764724,56761,0.3,-0.834094636090595,0.027059727381777497,0.13198457108616762,0.020480486947746485,0.5419801235543793,0.0,1646717873,0.28902968764305115,0.1511695832014084
142,-0.15692971005877793,142,142,0.0,0.1569297100587779,57163,0.55,-0.15848098325034174,-0.06538069143438249,0.06538069143438248,-0.05063014568540367,0.02863985372660416,0.0,1646718275,-0.17207279801368713,-0.2112877070903778
143,0.11180810492413679,143,143,0.0,0.1118081049241368,57562,0.6,0.0915255612667908,-0.005918840285090847,0.135215544286285,-0.012132827830443794,0.009478625765815707,0.0,1646718674,0.1297023594379425,0.5037848353385925
144,-0.13185399916558527,144,144,0.76,0.13185399916558527,57963,0.67,-0.12920124478175254,-0.005267069563714302,0.14926270978812847,-0.0192836164227759,0.0,0.0,1646719075,-0.07394974678754807,0.3463924527168274
145,-0.14711301840223207,145,145,0.0,0.14711301840223207,58364,0.45,-0.14167552181820817,-0.017546027779487487,0.05826925569873035,0.0032713347882759205,0.0,0.004997177506001593,1646719476,0.38025614619255066,-0.2247661054134369
146,-0.12180484773245463,146,146,0.0,0.12180484773245462,58765,0.22,-0.12945427716668484,-0.06987682962452202,0.069876829624522,-0.08134152782511421,0.01667596634299806,0.007668394294322978,1646719877,-0.1880258023738861,0.04387151822447777
147,-0.2816889729857076,147,147,0.0,0.2816889729857076,59167,0.3,-0.30318541371259183,-0.044873372183728194,0.0448733721837282,-0.03419170703733685,0.06351851041836376,0.0,1646720279,0.25119420886039734,1.2471898794174194
148,-0.48069886072231505,148,148,0.0,0.48069886072231505,59573,1.0,-0.4876257528801176,0.042065239297195654,0.04206523929719567,0.059659436678362945,0.13893872933252904,0.01633149714251103,1646720685,1.3266783952713013,-0.2586967945098877
149,-0.48069886072231505,149,149,0.0,0.48069886072231505,59993,0.24,-0.4876257528801176,0.02779209256409877,0.06528819235356742,0.020720813532807088,0.13893872933252904,0.007357459396821309,1646721105,1.326688528060913,-0.0969095304608345
150,-0.16437460495328327,150,150,0.0,0.1643746049532833,60414,0.89,-0.17390609537783525,-0.0077294725634925315,0.032347880311506386,-0.008619528692474406,0.003606914472083389,0.020620473137713535,1646721526,1.0681025981903076,1.7522653341293335
151,0.22713667148173394,151,151,0.0,0.22713667148173394,60831,0.34,0.19248480993099895,0.0067635851476024605,0.032131640476750246,0.012505166992440284,0.03772477246356831,0.026746341566665555,1646721943,1.3157777786254883,0.09073640406131744
152,-0.33247040189175114,152,152,0.0,0.3324704018917511,61246,0.92,-0.3369813129213575,-0.009044043823292484,0.034468218270337386,-0.010517662726731993,0.05722891998593793,0.012168161309281667,1646722358,0.07275127619504929,0.1309773176908493
153,-0.2816889729857076,153,153,0.0,0.2816889729857076,61658,0.03,-0.30318541371259183,0.062237113565250295,0.062237113565250315,0.07953707570543452,0.06351851041836376,0.03244730147307373,1646722770,0.2550261318683624,0.29963254928588867
154,0.572595280114286,154,154,0.0,0.5725952801142858,62072,0.79,0.5935891092104564,0.02377184164282161,0.03672344236387645,0.01303705814494653,0.2144321633316788,0.0,1646723184,0.032028548419475555,0.6020593047142029
155,-0.6416723576808623,155,155,0.0,0.6416723576808624,62484,0.0,-0.6584605785252617,0.13444858728073808,0.13444858728073808,0.13441705543320323,0.25339833829288816,0.0,1646723596,0.44655728340148926,0.060699187219142914
156,0.5457606861338004,156,156,0.0,0.5457606861338005,62893,0.36,0.5620296157844381,-0.03711431570740417,0.0507782577669443,-0.030399452053557534,0.1719726825396013,0.0,1646724005,-0.3633170425891876,0.5876682996749878
157,-0.4108995801163993,157,157,0.0,0.4108995801163993,63296,0.29,-0.5926785829579636,0.031051508746591912,0.031051508746591905,0.04143101012538747,0.21889791702638206,0.0031928542447134944,1646724408,0.29914170503616333,0.8430982828140259
158,-0.2500279815577938,158,158,0.0,0.2500279815577939,63700,0.31,-0.25901355159781836,0.011960504816556514,0.08062014402253843,-0.002557122923735252,0.020743912073593718,0.007661666435807124,1646724812,0.3147938549518585,0.011791754513978958
159,-0.1312194390325122,159,159,0.16,0.1312194390325122,64100,0.4,-0.1560596885603958,-0.03928588497479731,0.03928588497479731,-0.013923327156213357,0.0,0.008936933113451007,1646725212,0.4287080764770508,0.11162468045949936
160,-0.13071245238427673,160,160,0.0,0.13071245238427676,64506,0.25,-0.11614760836181715,0.06608210632560077,0.06608210632560078,0.083359835075395,0.02044935823674665,0.01389261423014565,1646725618,0.1556229293346405,-0.30993372201919556
161,-0.2791729195042905,161,161,0.0,0.27917291950429046,64926,0.98,-0.2864821839585489,-0.017245970897794095,0.07080441906223482,-0.007338929915389251,0.03522052227534589,0.002406462573241175,1646726038,0.06094713136553764,0.7695921063423157
162,-0.2816889729857076,162,162,0.0,0.2816889729857076,65346,0.76,-0.30318541371259183,0.028295894939417157,0.18607481308755677,0.048203980763333605,0.06351851041836376,0.0023350204142307263,1646726458,0.25304192304611206,0.3566429615020752
163,-0.6416723576808623,163,163,0.0,0.6416723576808624,65763,0.12,-0.6584605785252617,0.06062024966455949,0.0606202496645595,0.06842453545278614,0.25339833829288816,0.003931815647059356,1646726875,0.4500713646411896,-0.24467070400714874
164,0.572595280114286,164,164,0.0,0.5725952801142858,66183,0.83,0.5935891092104564,0.01054971436887631,0.10709562125888276,0.012921925683406742,0.2144321633316788,0.002091336560640311,1646727295,0.025761811062693596,0.769615113735199
165,0.20652898610361856,165,165,0.0,0.2065289861036185,66604,0.5,0.22024716503380848,-0.011810811314208405,0.07243828471780046,-0.011857041281000649,0.013646870274217626,0.0,1646727716,0.21603704988956451,1.8992012739181519
166,0.08140488169654872,166,166,0.0,0.08640657609262815,67025,0.59,0.06304975501190657,-0.0761768489612353,0.07617684896123529,-0.08107363604546373,0.0,0.0,1646728137,0.5093523263931274,-0.6696550250053406
167,0.11181692055712164,167,167,0.01,0.11181692055712164,67430,0.04,0.09893383225534894,-0.06551184993049997,0.06551184993049998,-0.0683523735714226,0.016521367522435382,0.0,1646728542,0.7189398407936096,0.9813147783279419
168,-0.13185399916558527,168,168,0.0,0.13185399916558527,67832,0.29,-0.12920124478175254,0.012123437333289544,0.04114846737835241,0.007884600926414775,0.0,0.005349261269459005,1646728944,-0.08562632650136948,0.5838531851768494
169,-0.2415890730621427,169,169,0.0,0.2415890730621427,68233,0.0,-0.24434160905021735,-0.09698681184136448,0.09698681184136451,-0.10536550983192373,0.047395153387498334,0.011852259324647951,1646729345,0.020621243864297867,0.7249944806098938
170,0.7428205506758873,170,170,0.0,0.7428205506758871,68636,0.25,0.7691662970567525,0.04274425975383127,0.0517394364162905,0.03442210638765047,0.4008390129457018,0.0,1646729748,0.6749258041381836,0.7225479483604431
171,-0.255050988717046,171,171,0.0,0.25505098871704607,69041,0.57,-0.29058536036996124,0.004497602220767155,0.03559920546768558,-0.003132357558467407,0.038026077488508836,0.0,1646730153,-0.3648586869239807,0.1425473541021347
172,-0.18180742434610908,172,172,0.0,0.1818074243461091,69445,0.27,-0.1873563489419162,-0.022603354496272515,0.08437423396253539,-0.019214647948687057,0.034010007226086714,0.010432756539423549,1646730557,0.07145078480243683,1.0044914484024048
173,0.6343513065139792,173,173,0.0,0.6343513065139793,69847,0.14,0.6615771063089861,0.01596326467291998,0.03610873189403977,0.029110286087910105,0.27193309694443135,0.006624069900244889,1646730959,-0.30420929193496704,0.8675557971000671
174,-0.2500279815577938,174,174,0.0,0.2500279815577939,70251,0.31,-0.25901355159781836,-0.02986753509622732,0.07234412516790821,-0.015281853663274959,0.020743912073593718,0.0,1646731363,0.31640633940696716,1.2286326885223389
175,-0.18180742434610908,175,175,0.02,0.1818074243461091,70654,0.52,-0.1873563489419162,-0.008422672981025997,0.17989485851367584,-0.0023612366669337266,0.03401694767280006,0.0,1646731766,0.08430030196905136,-0.1539452075958252
176,0.11181692055712164,176,176,0.02,0.11181692055712164,71055,0.02,0.09893383225534894,0.10155468454129185,0.10155468454129186,0.09075798672823407,0.016521367522435382,0.0,1646732167,0.7194634675979614,0.9344742894172668
177,0.5521519999778823,177,177,0.0,0.5521519999778823,71475,0.0,0.5747302892981471,-0.1198605522569731,0.11986055225697313,-0.11933916798310475,0.18602988304108026,0.007916045125396343,1646732587,-0.3143855035305023,0.015370962209999561
178,0.67075085087459,178,178,0.0,0.6707508508745899,71898,0.49,0.6982540109954511,-0.13208071220131481,0.1320807122013148,-0.13759901469300814,0.29042510213869144,0.0,1646733010,0.28008294105529785,0.16433610022068024
179,-0.5030546953679751,179,179,0.0,0.5030546953679751,72320,0.52,-0.5195560011855662,-0.0349639384486338,0.14840351614128697,-0.04863814571665474,0.15121660508316936,0.010538002743303299,1646733432,-0.06355316936969757,0.7362079620361328
180,0.11180810492413679,180,180,0.0,0.1118081049241368,72745,0.09,0.0915255612667908,0.04187555860491403,0.04187555860491404,0.05140977145104969,0.009478625765815707,0.0,1646733857,0.1267923265695572,-0.029673507437109947
181,0.7428205506758873,181,181,0.0,0.7428205506758871,73168,0.52,0.7691662970567525,0.04670807364747741,0.057196030198926655,0.03370497917124109,0.4008390129457018,0.0019687926616174245,1646734280,0.6512494087219238,-0.07311413437128067
182,-0.17344581763144667,182,182,0.0,0.17344581763144667,73591,0.31,-0.17713153731510697,-0.026788779538123114,0.036505761584545,-0.032762044552390256,0.01849658504231,0.0,1646734703,-0.005090790800750256,0.8068477511405945
183,0.20652898610361856,183,183,0.0,0.2065289861036185,74018,0.51,0.22024716503380848,0.03793136424244664,0.037931364242446634,0.04591514843756032,0.01368240750941041,0.0,1646735130,0.21712011098861694,1.3503798246383667
184,0.08140488169654872,184,184,0.0,0.08640657609262815,74436,0.04,0.06304975501190657,-0.05885767175040367,0.203370016632985,-0.05536389583243175,0.0,0.0,1646735548,0.5082365274429321,1.9699211120605469
185,-0.2175672926324061,185,185,0.0,0.21756729263240612,74837,0.61,-0.21970376810884976,0.030185481205443062,0.03607273564620849,0.03325871689833056,0.0,0.009537033248960158,1646735949,0.13970552384853363,1.2232928276062012
186,0.5457606861338004,186,186,0.0,0.5457606861338005,75238,0.11,0.5620296157844381,-0.06601335171404552,0.06601335171404552,-0.059273350209690524,0.1719726825396013,0.0024965034580168854,1646736350,-0.35702088475227356,0.5024069547653198
187,-0.14694737143925507,187,187,0.0,0.14694737143925507,75637,0.93,-0.15165223477435683,0.031083860584925623,0.07782605766158225,0.02554203432251173,0.0,0.0,1646736749,0.39641329646110535,-0.4131491184234619
188,-0.6797033461438935,188,188,0.0,0.6797033461438935,76038,0.1,-0.70421041469071,-0.05524502314622299,0.05524502314622298,-0.03987774830373534,0.28699379737130304,0.0057654158213702456,1646737150,0.17354848980903625,0.2704133689403534
189,-0.12180484773245463,189,189,0.21,0.12180484773245462,76435,0.36,-0.12945427716668484,-0.11456679864657483,0.11456679864657483,-0.1187090738827072,0.01670087043858559,0.0,1646737547,-0.18149112164974213,0.030521266162395477
190,0.7428205506758873,190,190,0.0,0.7428205506758871,76834,0.06,0.7691662970567525,0.032538804062237234,0.05683352428573971,0.03349525328719683,0.4008390129457018,0.0036274077592195475,1646737946,0.6529446840286255,-0.2771790325641632
191,-0.4637807547008367,191,191,0.0,0.4637807547008367,77234,0.17,-0.47695282248379345,0.04098318979609404,0.049670032423634186,0.04156995024848282,0.1314184729637884,0.0007878481323471132,1646738346,0.35914573073387146,-0.20033152401447296
192,0.11180810492413679,192,192,0.0,0.1118081049241368,77647,0.31,0.0915255612667908,0.04781071669886579,0.05542717854368484,0.05056416036724402,0.009478625765815707,0.0,1646738759,0.1279713213443756,1.3032807111740112
193,-0.2500279815577938,193,193,0.0,0.2500279815577939,78065,0.95,-0.25901355159781836,0.0769426839334949,0.07694268393349492,0.08491271676911347,0.020743912073593718,0.0,1646739177,0.31652113795280457,0.2910137176513672
194,-0.255050988717046,194,194,0.0,0.25505098871704607,78486,0.4,-0.29058536036996124,-0.02430835202874864,0.07771095064158037,-0.0314521172555399,0.03809575512293906,0.0,1646739598,-0.3635243773460388,0.13205941021442413
195,0.2599326402681229,195,195,0.0,0.25993264026812285,78905,0.52,0.26759669733827174,-0.00041022337256362874,0.06621676009959594,0.010763673597238973,0.03621776922606701,0.020351753077931578,1646740017,0.1751653552055359,0.0539340004324913
196,0.3729076660386095,196,196,0.0,0.37290766603860953,79329,0.0,0.3933030943466769,-0.0684453846662619,0.06844538466626192,-0.07055088616834643,0.07788646449388636,0.014383728677060281,1646740441,0.8584784865379333,0.490787535905838
197,0.4380858326765981,197,197,0.0,0.4380858326765981,79750,0.15,0.45189604429179786,-0.054596084917636484,0.05459608491763649,-0.03849018738735235,0.09817409814958555,0.002146481714117243,1646740862,-0.12748977541923523,0.3881917893886566
198,0.4380858326765981,198,198,0.0,0.4380858326765981,80168,0.15,0.45189604429179786,0.027288556094035722,0.05137926502789462,0.045628023157023065,0.09836943235156514,0.0,1646741280,-0.1296437829732895,0.19297610223293304
199,0.7428205506758873,199,199,0.0,0.7428205506758871,80598,0.04,0.7691662970567525,-0.06781153137338729,0.06781153137338727,-0.06935837945876427,0.4008390129457018,0.027391883281433493,1646741710,0.6519432663917542,0.13042107224464417
200,0.12490615548592468,200,200,0.13,0.12490615548592468,81025,0.63,0.12238213046701542,0.08083885207884571,0.08083885207884571,0.08500553662879869,0.0,0.0,1646742137,6.603328802157193e-05,0.1891794502735138
201,-0.12180484773245463,201,201,0.0,0.12180484773245462,81445,0.0,-0.12945427716668484,0.10022607009363071,0.10022607009363073,0.10164555548158935,0.017026516550763704,0.0001506233470494056,1646742557,-0.18590934574604034,0.20956894755363464
202,0.7428205506758873,202,202,0.0,0.7428205506758871,81868,0.31,0.7691662970567525,0.04992905658735507,0.057591709653679005,0.05216762231823364,0.4008390129457018,0.0,1646742980,0.652032196521759,-0.3236178755760193
203,-0.8342596425764723,203,203,0.0,0.8342596425764724,82291,0.61,-0.834094636090595,-0.025394468872365697,0.06793939313343837,-0.04696668328871883,0.5419801235543793,0.0,1646743403,0.269483357667923,-0.091403067111969
204,0.5457606861338004,204,204,0.0,0.5457606861338005,82714,0.47,0.5620296157844381,-0.007509129987029276,0.03418377834836883,-0.01034061699429458,0.1719726825396013,0.0,1646743826,-0.3585430681705475,-0.5813687443733215
205,0.5652907830004232,205,205,0.0,0.565290783000423,83136,0.25,0.580049305156325,-0.03201147020577431,0.10001906402235193,-0.02129577680034775,0.21745787287081675,0.0,1646744248,0.7207794189453125,-0.1417374312877655
206,-0.48069886072231505,206,206,0.0,0.48069886072231505,83559,0.22,-0.4876257528801176,-0.041363875997570694,0.059234727700969415,-0.03234286957242921,0.13893872933252904,0.0,1646744671,1.327374815940857,0.02679750882089138
207,-0.22867939906634668,207,207,0.0,0.22867939906634666,83987,0.0,-0.2203466486776936,-0.4848098710206037,0.4848098710206038,-0.5064854471234506,0.04127470273871037,0.15752408092486236,1646745099,0.8129217624664307,0.0012218859046697617
208,-0.1475301474764687,208,208,0.0,0.14753014747646873,84404,0.67,-0.15213896375398145,0.00768794301270883,0.025771465786216665,0.009957916180542856,0.007392925210343071,0.014277352961284517,1646745516,0.7273893356323242,1.4611295461654663
209,-0.33247040189175114,209,209,0.0,0.3324704018917511,84827,0.71,-0.3369813129213575,-0.022378856536579644,0.032267649751299546,-0.02134994193258463,0.05722891998593793,0.032572017718572654,1646745939,0.08107804507017136,0.16281966865062714
210,0.2599326402681229,210,210,0.0,0.25993264026812285,85247,0.27,0.26759669733827174,-0.030051272983642536,0.1246861787729842,-0.045977326063379044,0.03621776922606701,0.0,1646746359,0.1758662611246109,-0.023982049897313118
211,-0.81296497579246,211,211,0.0,0.8129649757924599,85669,0.82,-0.8163622001928573,-0.003932301495657577,0.029710192490610507,-0.013542684032339021,0.47991249497914334,0.0,1646746781,1.0936318635940552,0.06247245520353317
212,0.3729076660386095,212,212,0.0,0.37290766603860953,86089,0.16,0.3933030943466769,-0.0517234337717407,0.20357244140087574,-0.05696025136997573,0.07788646449388636,0.0,1646747201,0.8581538796424866,0.5839424133300781
213,-0.14694737143925507,213,213,0.0,0.14694737143925507,86513,0.92,-0.15165223477435683,0.002515203168702718,0.048398232708447474,-0.0032980378048535217,0.0,0.0020633008051127444,1646747625,0.3932051956653595,0.22292816638946533
214,0.08577239609599108,214,214,0.0,0.08577239609599106,86938,0.87,0.07952470526302399,0.016833990982200606,0.03967234462045622,-0.0013014612521735941,0.0,0.0,1646748050,0.4564177989959717,-0.11620477586984634
215,-0.2816889729857076,215,215,0.0,0.2816889729857076,87359,0.69,-0.30318541371259183,-0.048323774970277976,0.048323774970277955,-0.048001002389707385,0.06351851041836376,0.0,1646748471,0.251386433839798,0.0779595896601677
216,0.6343513065139792,216,216,0.0,0.6343513065139793,87783,0.03,0.6615771063089861,0.04812042233808947,0.04812042233808947,0.04191583393220816,0.27193309694443135,0.004700501999128193,1646748895,-0.2976488471031189,-0.15303707122802734
217,0.5457606861338004,217,217,0.0,0.5457606861338005,88207,0.06,0.5620296157844381,-0.05385028808992229,0.05385028808992231,-0.04307744763570215,0.1719726825396013,0.0,1646749319,-0.3622434139251709,-0.1381310522556305
218,-0.5030546953679751,218,218,0.0,0.5030546953679751,88626,0.14,-0.5195560011855662,-0.044280485538628025,0.07509154066732136,-0.044224816165948456,0.15121660508316936,0.0008352213266686892,1646749738,-0.05616634339094162,0.11407046020030975
219,0.5457606861338004,219,219,0.0,0.5457606861338005,89051,0.64,0.5620296157844381,-0.021316336930516697,0.04361356680098541,-0.024182227966049054,0.1719726825396013,0.019188166093922376,1646750163,-0.36236175894737244,0.4044633209705353
220,-0.33247040189175114,220,220,0.0,0.3324704018917511,89475,0.85,-0.3369813129213575,0.023960882001172794,0.13503750228879816,0.016160461513540923,0.05722891998593793,0.019178847373836794,1646750587,0.0810924544930458,-0.06893432885408401
221,-0.12180484773245463,221,221,0.04,0.12180484773245462,89896,0.0,-0.12945427716668484,0.16107570781985694,0.16107570781985697,0.1644016102448583,0.017114474547405445,0.016118138623077982,1646751008,-0.1835203766822815,0.1479087769985199
222,-0.81296497579246,222,222,0.0,0.8129649757924599,90312,0.92,-0.8163622001928573,0.04158596736453281,0.0415859673645328,0.03318143753287164,0.47991249497914334,0.0,1646751424,1.092612624168396,0.07250086963176727
223,0.7428205506758873,223,223,0.0,0.7428205506758871,90727,0.5,0.7691662970567525,-0.004670338532590364,0.1400321986310655,0.013327741663457434,0.4008390129457018,0.003081451045366057,1646751839,0.6517845988273621,-0.0887497141957283
224,-0.6416723576808623,224,224,0.0,0.6416723576808624,91148,0.46,-0.6584605785252617,0.031203637170840404,0.031203637170840404,0.025446526284606755,0.25339833829288816,0.0,1646752260,0.44785651564598083,0.5630432963371277
225,-0.4108995801163993,225,225,0.0,0.4108995801163993,91569,0.7,-0.5926785829579636,0.002299831461334235,0.05010986846111274,0.007184802866290251,0.21905065508747157,0.0,1646752681,0.3012222945690155,0.5205078721046448
226,-0.13185399916558527,226,226,0.0,0.13185399916558527,91988,0.14,-0.12920124478175254,0.010611312368584602,0.08903352282034804,0.012214197316724046,0.0,0.0,1646753100,-0.08637232333421707,0.9035570025444031
227,0.572595280114286,227,227,0.0,0.5725952801142858,92407,0.07,0.5935891092104564,0.010756688547194079,0.04703401897796708,0.019945005837333784,0.2144321633316788,0.0,1646753519,0.03017607145011425,-0.1873384267091751
228,-0.8342596425764723,228,228,0.0,0.8342596425764724,92831,0.77,-0.834094636090595,-0.003837147644199306,0.06483481664188963,-8.143334770475739e-05,0.5419801235543793,0.0050761495569082715,1646753943,0.2690088450908661,1.1310738325119019
229,-0.25306019453603207,229,229,0.0,0.25306019453603207,93253,0.67,-0.2691151545810501,0.023701465815709862,0.023701465815709855,0.027161823828507046,0.02441365089908243,0.0,1646754365,-0.05308189615607262,2.6873974800109863
230,-0.4637807547008367,230,230,0.0,0.4637807547008367,93677,0.35,-0.47695282248379345,0.01903647356441886,0.1277549735166958,0.008619935136602275,0.1314184729637884,0.023937580556391724,1646754789,0.3606485426425934,-0.28247320652008057
231,-0.6416723576808623,231,231,0.0,0.6416723576808624,94092,0.04,-0.6584605785252617,0.07774790272628618,0.07774790272628618,0.07211145737890887,0.25339833829288816,0.0,1646755204,0.4470898509025574,0.42566239833831787
232,0.6712645929280316,232,232,0.0,0.6712645929280318,94512,0.09,0.6941304729993919,-0.08589663100035458,0.08589663100035458,-0.08256482176783717,0.2934291452401432,0.007498485521006737,1646755624,0.5183244943618774,0.5179011821746826
233,-0.1092480710302544,233,233,0.01,0.10924807103025441,94934,0.05,-0.1143810630658062,-0.0855875675041807,0.08558756750418071,-0.09391732487849674,0.0,0.0,1646756046,-0.09990454465150833,0.160121887922287
234,-0.0896485823211102,234,234,0.02,0.08964858232111021,95358,0.03,-0.08218212992623206,-0.05806068732035796,0.05806068732035797,-0.05987927458653477,0.024774574287578455,0.0,1646756470,0.22447898983955383,-0.3117063045501709
235,-0.3195966033704708,235,235,0.0,0.31959660337047086,95782,0.76,-0.3122517810678963,0.02963247699038459,0.029632476990384588,0.023934533223425168,0.08798697516631226,0.002451700195922113,1646756894,0.9453644156455994,0.2807396650314331
236,-0.09850686531245922,236,236,0.0,0.09850686531245922,96202,0.93,-0.1086123276966613,0.029219632141181343,0.06945063430257431,0.03564439729196606,0.018834150491139567,0.009861597752602425,1646757314,0.26556795835494995,0.36888033151626587
237,-0.6416723576808623,237,237,0.0,0.6416723576808624,96623,0.01,-0.6584605785252617,0.08227063160078066,0.08227063160078066,0.1146632719024172,0.25339833829288816,0.049049005994958206,1646757735,0.44668686389923096,-0.17081555724143982
238,-0.3195966033704708,238,238,0.0,0.31959660337047086,97042,0.11,-0.3122517810678963,0.07212057344481412,0.07212057344481412,0.08772387010835873,0.08798697516631226,0.01250707948840124,1646758154,0.9498745203018188,0.5886279940605164
239,0.12490615548592468,239,239,0.0,0.12490615548592468,97465,0.0,0.12238213046701542,0.12450407861670582,0.12450407861670579,0.12971538435310176,0.0,0.01418921900547887,1646758577,-0.003984054550528526,0.2558894455432892
240,-0.14711301840223207,240,240,0.0,0.14711301840223207,97887,0.59,-0.14167552181820817,-0.017668448982693853,0.1030885492896468,-0.025355381838808713,0.0,0.0,1646758999,0.37952500581741333,2.843519687652588
241,0.572595280114286,241,241,0.0,0.5725952801142858,98310,0.76,0.5935891092104564,-0.011577871387432912,0.12215079116181003,-0.025559406461832836,0.2144321633316788,0.006706313354578164,1646759422,0.026126142591238022,-0.2532929480075836
242,-0.16437460495328327,242,242,0.0,0.1643746049532833,98728,0.77,-0.17390609537783525,0.02840453219651269,0.02840453219651268,0.034423989001028076,0.003606914472083389,0.0,1646759840,1.067899227142334,-0.026312243193387985
243,0.2950307688206453,243,243,0.0,0.29503076882064516,99143,0.29,0.29221781559098836,0.025894997588381898,0.042655276295435404,0.02235130190914065,0.03972034720914519,0.0,1646760255,-0.08038321137428284,0.2287033349275589
244,-0.13071245238427673,244,244,0.0,0.13071245238427676,99562,0.11,-0.11614760836181715,-0.07863726547140201,0.07863726547140201,-0.08921914412740523,0.02044935823674665,0.0,1646760674,0.15466156601905823,-0.21487820148468018
245,0.5316287967421944,245,245,0.0,0.5316287967421943,99974,0.09,0.5331716568930185,0.07530077451372237,0.07530077451372237,0.07541176230856085,0.18717564801936448,0.0,1646761086,0.92973792552948,0.24597032368183136
246,0.22713667148173394,246,246,0.0,0.22713667148173394,100391,0.24,0.19248480993099895,-0.044526931024934074,0.04452693102493408,-0.03496370235423561,0.03772477246356831,0.0,1646761503,1.3152958154678345,0.02914521098136902
247,0.21519320059439218,247,247,0.0,0.2151932005943922,100809,0.27,0.2115241525188899,0.02535784860391635,0.1424735774600865,0.02679545378719414,0.021475324765411363,0.0,1646761921,0.11888010054826736,-0.19733595848083496
248,-0.09850686531245922,248,248,0.0,0.09850686531245922,101232,0.46,-0.1086123276966613,-0.020073523287185695,0.04836122738353768,-0.019550422106667673,0.018834150491139567,0.0,1646762344,0.2664198577404022,0.4048222303390503
249,-0.21185256733803773,249,249,0.0,0.21185256733803773,101652,0.92,-0.2093756077513255,-0.022636013018354138,0.08038204285417028,-0.02686477033001487,0.0,0.0,1646762764,-0.033880509436130524,0.2350011020898819
250,0.32680016820453583,250,250,0.0,0.32680016820453583,102060,0.47,0.3318377527993157,-0.001196758035492131,0.08718370137842953,-0.004569182879922038,0.049052635357095475,0.0,1646763172,0.5090669989585876,-0.08778124302625656
251,-0.15692971005877793,251,251,0.0,0.1569297100587779,102478,0.51,-0.15848098325034174,-0.04972916389354451,0.0497291638935445,-0.04275396933020022,0.02863985372660416,0.015395177802158377,1646763590,-0.17169807851314545,0.27718281745910645
252,-0.6797033461438935,252,252,0.0,0.6797033461438935,102895,0.5,-0.70421041469071,-0.009585708217128605,0.04083433477325379,0.006847145511929359,0.28699379737130304,0.010982615253740668,1646764007,0.17073892056941986,-0.10289107263088226
253,0.18475462395664075,253,253,0.0,0.18475462395664072,103312,0.86,0.18321648804473503,-0.04343940464501757,0.20014289333101687,-0.07851844833778691,0.04440293742012069,0.023396312309137413,1646764424,-0.18077152967453003,-0.12850993871688843
254,-0.1312194390325122,254,254,0.24,0.1312194390325122,103729,0.0,-0.1560596885603958,-0.14705534790095004,0.14705534790095,-0.13832986248541207,0.0,0.01746294120187697,1646764841,0.4374556243419647,0.48756566643714905
255,-0.14694737143925507,255,255,0.0,0.14694737143925507,104144,0.21,-0.15165223477435683,0.001583416156168204,0.024472640958865505,-0.00961673997866519,0.0,0.007944967762707034,1646765256,0.3958719074726105,-0.049182262271642685
256,-0.12024514195184033,256,256,0.07,0.12024514195184036,104556,0.59,-0.13661454564247483,-0.03404610566004161,0.07855291668399758,-0.05513457588612078,0.0013336671410000278,0.0,1646765668,-0.21247850358486176,-0.15511003136634827
257,-0.3613502701226485,257,257,0.0,0.3613502701226485,104970,0.0,-0.3669562026728902,-0.32025375281179913,0.32025375281179913,-0.323493070950289,0.06932077925225189,0.041338532547230855,1646766082,0.26067954301834106,0.24674908816814423
258,-0.2500279815577938,258,258,0.0,0.2500279815577939,105382,0.03,-0.25901355159781836,-0.07131019648790639,0.07131019648790642,-0.06792611449001501,0.020743912073593718,0.0,1646766494,0.31518715620040894,0.39184311032295227
259,0.32680016820453583,259,259,0.0,0.32680016820453583,105797,0.29,0.3318377527993157,0.03974717457511552,0.039747174575115514,0.031598438049594176,0.049052635357095475,0.03822611512509755,1646766909,0.5097259879112244,0.28670597076416016
260,0.7428205506758873,260,260,0.0,0.7428205506758871,106216,0.15,0.7691662970567525,0.027601230050642876,0.10318245592913079,0.01878737999970624,0.4008390129457018,0.01446421353978855,1646767328,0.653428316116333,1.3533377647399902
261,-0.09850686531245922,261,261,0.0,0.09850686531245922,106622,0.4,-0.1086123276966613,0.017785991030198553,0.09878246280208565,0.016374959606918014,0.018834150491139567,0.005893307111144885,1646767734,0.26554784178733826,0.5760494470596313
262,-0.17344581763144667,262,262,0.0,0.17344581763144667,107022,0.23,-0.17713153731510697,0.048873388836948015,0.048873388836948015,0.04031913361073201,0.01849658504231,0.0,1646768134,-0.005167904309928417,0.38153350353240967
263,-0.3195966033704708,263,263,0.0,0.31959660337047086,107421,0.23,-0.3122517810678963,-0.05032894614109277,0.05032894614109276,-0.05005108396333221,0.08798697516631226,0.0,1646768533,0.9465392827987671,0.06903702020645142
264,-0.1092480710302544,264,264,0.63,0.10924807103025441,107822,0.23,-0.1143810630658062,-0.02669633821389914,0.08587674763544446,-0.026543985793558635,0.0,0.0,1646768934,-0.09186182916164398,1.3114070892333984
265,-0.10409211105572914,265,265,0.0,0.1040921110557291,108223,0.56,-0.09290031208656864,0.0019000188229451424,0.022615568491648495,0.003041530302116799,0.023723167958807467,0.014975220634496411,1646769335,0.3511147201061249,0.28943073749542236
266,-0.5513292707451086,266,266,0.0,0.5513292707451086,108625,0.0,-0.5707481396577249,0.12156941161413751,0.1215694116141375,0.12618966860048045,0.18263909226353903,0.021676509368136587,1646769737,-0.05913182348012924,1.349935531616211
267,-0.5693353610317962,267,267,0.0,0.5693353610317962,109029,0.51,-0.6077385193618412,0.03904199968946998,0.03904199968946999,0.05058251893289587,0.20453167360424818,0.008088597383685059,1646770141,0.4932120144367218,0.041829515248537064
268,-0.5205332568760532,268,268,0.0,0.5205332568760531,109434,0.15,-0.556489767165552,0.049295953300985504,0.04929595330098548,0.06330619906316766,0.17498928633431654,0.0,1646770546,-0.057147733867168427,0.021050216630101204
269,-0.3613502701226485,269,269,0.0,0.3613502701226485,109836,0.1,-0.3669562026728902,-0.043615235979256324,0.043615235979256324,-0.043378533599503694,0.06932077925225189,0.0,1646770948,0.2615063190460205,0.017220651730895042
270,0.08577239609599108,270,270,0.0,0.08577239609599106,110237,0.91,0.07952470526302399,0.019229505882040816,0.0471945693159297,0.013814468916300962,0.0,0.0,1646771349,0.45654797554016113,0.23882213234901428
271,-0.17344581763144667,271,271,0.99,0.17344581763144667,110637,0.78,-0.17713153731510697,0.026418406635579893,0.0264184066355799,0.019758709574652707,0.01849658504231,0.0,1646771749,0.02398519404232502,0.5416328310966492
272,-0.12180484773245463,272,272,0.01,0.12180484773245462,111038,0.01,-0.12945427716668484,0.07673454039340089,0.07673454039340089,0.0709217313282854,0.016868698800796667,0.012289587812567504,1646772150,-0.18769946694374084,0.4281593859195709
273,-0.81296497579246,273,273,0.0,0.8129649757924599,111439,0.86,-0.8163622001928573,0.008488319885202062,0.05460812158408312,0.011383165808736847,0.47991249497914334,0.0049448935987361775,1646772551,1.0920332670211792,0.16188131272792816
274,0.12490615548592468,274,274,0.0,0.12490615548592468,111840,0.13,0.12238213046701542,0.07630927438798489,0.07630927438798488,0.0766101786282146,0.0,0.0004138909859496831,1646772952,-0.0038335833232849836,0.3351319134235382
275,0.12654940935621456,275,275,0.0,0.12654940935621456,112240,0.97,0.1290919942920028,-0.009061410495900611,0.05196770940157568,-0.006296922604729166,0.00019932593018689992,0.0,1646773352,-0.13250096142292023,0.5354498624801636
276,-0.0896485823211102,276,276,0.06,0.08964858232111021,112641,0.45,-0.08218212992623206,0.0019478835533955543,0.054008470582192845,0.004166132765275776,0.024774574287578455,0.0,1646773753,0.22585207223892212,0.13643372058868408
277,0.12490615548592468,277,277,0.0,0.12490615548592468,113042,0.01,0.12238213046701542,-0.08694434263274703,0.086944342632747,-0.08843538876924681,0.0,0.0,1646774154,-0.005855850409716368,0.40714311599731445
278,-0.33247040189175114,278,278,0.0,0.3324704018917511,113443,0.46,-0.3369813129213575,-0.04563146961497677,0.20721276827884752,-0.031180861161881245,0.05722891998593793,0.016380818474175163,1646774555,0.07810280472040176,-0.23706060647964478
279,-0.2816889729857076,279,279,0.0,0.2816889729857076,113845,0.1,-0.30318541371259183,-0.02847922124803276,0.12779517821580427,-0.035849363755284316,0.06351851041836376,0.0,1646774957,0.25296056270599365,0.7262284755706787
280,0.5408995920582649,280,280,0.0,0.5408995920582649,114245,0.67,0.5633426395368908,1.5135023682218834e-05,0.12760260568927095,0.0062169691108197355,0.17625316608970976,0.0,1646775357,0.10643220692873001,-0.11617475748062134
281,-0.4108995801163993,281,281,0.0,0.4108995801163993,114646,0.3,-0.5926785829579636,-0.025910377768806694,0.03666048723853174,-0.014998783384713263,0.21864277072381988,0.006003298227995391,1646775758,0.2987619638442993,-0.13605068624019623
282,-0.6416723576808623,282,282,0.0,0.6416723576808624,115047,0.85,-0.6584605785252617,-0.00700241868005925,0.14619518375070298,0.008682870260878047,0.25339833829288816,0.004547548481164121,1646776159,0.44649019837379456,-0.17906630039215088
283,-0.6797033461438935,283,283,0.0,0.6797033461438935,115446,0.09,-0.70421041469071,0.054163796110298215,0.06122735540611297,0.04850033185162667,0.28699379737130304,0.0,1646776558,0.17119291424751282,2.6404805183410645
284,-0.15338432380270495,284,284,0.0,0.15338432380270495,115846,0.73,-0.1456342388946363,0.00382499266180129,0.1783292860847587,-0.0009064933115886874,0.00995087820753704,0.002228108071817836,1646776958,0.13918110728263855,0.19045649468898773
285,0.5316287967421944,285,285,0.0,0.5316287967421943,116246,0.27,0.5331716568930185,0.0519469951769683,0.05776735521061225,0.049202196063915085,0.18717564801936448,0.0,1646777358,0.9302963018417358,0.5073152184486389
286,0.22713667148173394,286,286,0.0,0.22713667148173394,116647,0.19,0.19248480993099895,0.06165052191990605,0.06165052191990605,0.055283329586336145,0.03772477246356831,0.02011814590879113,1646777759,1.3152199983596802,0.6232722401618958
287,-0.17344581763144667,287,287,0.0,0.17344581763144667,117047,0.22,-0.17713153731510697,-0.010356692898655727,0.09531851969969274,-0.01739754208910099,0.01849658504231,0.0,1646778159,-0.0037594761233776808,0.13378159701824188
288,0.12228824039818376,288,288,0.0,0.12228824039818376,117447,0.46,0.12664472057746182,-0.021600353133737295,0.043625250402221205,-0.008021655557640636,0.0,0.013319358784058544,1646778559,0.09704151749610901,1.0741665363311768
289,-0.2500279815577938,289,289,0.0,0.2500279815577939,117847,0.11,-0.25901355159781836,0.07483604221735954,0.07483604221735954,0.07296594670742972,0.020743912073593718,0.02912061680550715,1646778959,0.31357088685035706,0.18641799688339233
290,-0.2791729195042905,290,290,0.0,0.27917291950429046,118248,0.0,-0.2864821839585489,-0.44188147330642563,0.4418814733064257,-0.46863246199684533,0.03522052227534589,0.12246210321742934,1646779360,0.05622214823961258,-0.03713588789105415
291,-0.81296497579246,291,291,0.0,0.8129649757924599,118649,0.43,-0.8163622001928573,0.027469916809300648,0.02746991680930064,0.02149702231676709,0.47991249497914334,0.0,1646779761,1.0911706686019897,0.831744909286499
292,-0.6416723576808623,292,292,0.0,0.6416723576808624,119051,0.05,-0.6584605785252617,-0.009002639876722979,0.09609014086747404,-0.008540805379321025,0.25339833829288816,0.0,1646780163,0.4552462697029114,-0.6459537744522095
293,-0.5513292707451086,293,293,0.0,0.5513292707451086,119449,0.08,-0.5707481396577249,-0.05666704266459112,0.05666704266459112,-0.06218634989162703,0.18263909226353903,0.01679833677174347,1646780561,-0.05962676927447319,-0.032051123678684235
294,0.5408995920582649,294,294,0.0,0.5408995920582649,119849,0.07,0.5633426395368908,0.05414113224980722,0.05414113224980721,0.044594407375977904,0.17625316608970976,0.0,1646780961,0.10612316429615021,0.3307233452796936
295,0.14389857708681253,295,295,0.0,0.14389857708681256,120249,0.01,0.13511454856376637,0.09009606329149897,0.09009606329149897,0.06203095409381668,0.01689018743369064,0.0,1646781361,0.6347853541374207,0.4274004101753235
296,0.572595280114286,296,296,0.0,0.5725952801142858,120649,0.87,0.5935891092104564,0.0040454598354496135,0.14016761427551505,0.011045943810081968,0.2144321633316788,0.0,1646781761,0.028134768828749657,0.31817007064819336
297,-0.6416723576808623,297,297,0.0,0.6416723576808624,121052,0.98,-0.6584605785252617,0.003552685485220461,0.13788815031650448,-0.002114060737455699,0.25339833829288816,0.0,1646782164,0.44802242517471313,1.2825260162353516
298,-0.255050988717046,298,298,0.0,0.25505098871704607,121454,0.24,-0.29058536036996124,-0.004079768508942594,0.05969530299719888,-0.005946743615319332,0.03780004506594503,0.014481187688505148,1646782566,-0.3534564673900604,0.031619105488061905
299,0.7428205506758873,299,299,0.0,0.7428205506758871,121856,0.08,0.7691662970567525,-0.05164314948241859,0.0516431494824186,-0.0691012961170326,0.4008390129457018,0.0,1646782968,0.6567761898040771,0.6228010654449463
300,0.08577239609599108,300,300,0.0,0.08577239609599106,122258,0.89,0.07952470526302399,-0.005748968160221326,0.06158449494365764,0.004209413737498968,0.0,0.0,1646783370,0.45609357953071594,0.43543434143066406
301,-0.1092480710302544,301,301,0.0,0.10924807103025441,122660,0.82,-0.1143810630658062,-0.03807573197006065,0.03807573197006066,-0.022483720280203585,0.0,0.0,1646783772,-0.09751114994287491,-0.07848311215639114
302,0.22713667148173394,302,302,0.0,0.22713667148173394,123063,0.26,0.19248480993099895,-0.004147947541830732,0.057205500777181506,-0.020999881241702833,0.03772477246356831,0.0,1646784175,1.3153151273727417,0.5008415579795837
303,-0.13071245238427673,303,303,0.0,0.13071245238427676,123466,0.29,-0.11614760836181715,0.0902103038962805,0.09021030389628051,0.10789315450101751,0.02044935823674665,0.032105155073018476,1646784578,0.16178029775619507,-0.0354049913585186
304,-0.255050988717046,304,304,0.0,0.25505098871704607,123867,0.05,-0.29058536036996124,-0.022727548212556806,0.10344667998964267,-0.015891809729675892,0.037940728816406644,0.0,1646784979,-0.3588658273220062,0.43414098024368286
305,-0.5030546953679751,305,305,0.0,0.5030546953679751,124267,0.13,-0.5195560011855662,0.10718682079704993,0.10718682079704991,0.12767809845349737,0.15121660508316936,0.003961458209655211,1646785379,-0.06248139217495918,0.45017939805984497
306,-0.6797033461438935,306,306,0.0,0.6797033461438935,124666,0.72,-0.70421041469071,0.0135543951882602,0.09647143950763643,0.027229030317890625,0.28699379737130304,0.017276225409107004,1646785778,0.16840893030166626,-0.182390496134758
307,0.20652898610361856,307,307,0.0,0.2065289861036185,125067,0.45,0.22024716503380848,-0.07016944926909788,0.07016944926909789,-0.06282573314777419,0.013797398073507772,0.0,1646786179,0.2150619477033615,-0.3849456310272217
308,-0.1991912871076043,308,308,0.0,0.1991912871076043,125468,0.54,-0.22913467678809318,-0.01749484576561765,0.0667238489469477,-0.011650571749168701,0.04438498466250085,0.0,1646786580,0.21825695037841797,0.022539157420396805
309,0.11180810492413679,309,309,0.0,0.1118081049241368,125869,0.13,0.0915255612667908,0.053060948146727835,0.05306094814672785,0.03245455339646173,0.009478625765815707,0.015989818400208966,1646786981,0.1302962303161621,0.97014981508255
310,0.5457606861338004,310,310,0.0,0.5457606861338005,126268,0.04,0.5620296157844381,0.06530363526931564,0.06530363526931564,0.06859580373807646,0.1719726825396013,0.0,1646787380,-0.34861671924591064,0.3594163656234741
311,-0.8342596425764723,311,311,0.0,0.8342596425764724,126669,0.08,-0.834094636090595,0.004580941650764586,0.2002391179330917,0.007091487362622623,0.5419801235543793,0.005497670386626741,1646787781,0.26874032616615295,-0.17962588369846344
312,-0.2791729195042905,312,312,0.0,0.27917291950429046,127069,0.37,-0.2864821839585489,-0.024481140444744174,0.03926769359915581,-0.020703970563516288,0.03522052227534589,0.030552543819618583,1646788181,0.06081203371286392,2.6992790699005127
313,-0.6797033461438935,313,313,0.0,0.6797033461438935,127469,0.05,-0.70421041469071,-0.05108853440497101,0.051088534404971,-0.041486844472627016,0.28699379737130304,0.0,1646788581,0.1695149540901184,0.6889981627464294
314,-0.3195966033704708,314,314,0.0,0.31959660337047086,127870,0.09,-0.3122517810678963,-0.045352503637930155,0.045352503637930155,-0.029475842823420993,0.08798697516631226,0.018176111939275374,1646788982,0.9456377625465393,1.157639503479004
315,-0.2500279815577938,315,315,0.0,0.2500279815577939,128272,0.79,-0.25901355159781836,-0.011004359971390546,0.0845631697083289,-0.025544169735514058,0.020743912073593718,0.0,1646789384,0.31308895349502563,0.09040927141904831
316,-0.4632818620652848,316,316,0.0,0.4632818620652848,128674,0.05,-0.48699503148029477,-0.0685582112580163,0.0685582112580163,-0.05977887266088731,0.13808617031157278,0.02062280187550125,1646789786,0.20325376093387604,-0.060951195657253265
317,0.12228824039818376,317,317,0.0,0.12228824039818376,129075,0.0,0.12664472057746182,0.11356893815184602,0.11356893815184603,0.13098203075244927,0.0,0.0,1646790187,0.09721200913190842,0.9309252500534058
318,-0.13185399916558527,318,318,0.0,0.13185399916558527,129474,0.88,-0.12920124478175254,-0.019751289396413588,0.14733564273780808,-0.020656910277827123,0.0,0.021831391946542045,1646790586,-0.08520659059286118,0.5771022439002991
319,-0.5513292707451086,319,319,0.0,0.5513292707451086,129876,0.38,-0.5707481396577249,-0.023606381031447812,0.04952220361199474,-0.02497401646172801,0.18263909226353903,0.0012509600634023066,1646790988,-0.05504767224192619,0.2514556348323822
320,-0.2500279815577938,320,320,0.0,0.2500279815577939,130280,0.98,-0.25901355159781836,-0.059642867195811466,0.059642867195811466,-0.07519159073364373,0.020743912073593718,0.015394089139885825,1646791392,0.31395137310028076,0.39880096912384033
321,-0.21185256733803773,321,321,0.0,0.21185256733803773,130681,0.4,-0.2093756077513255,0.02212177503900234,0.08528119735867706,0.019090268613298447,0.0,0.00887251020286084,1646791793,-0.041052840650081635,-0.23270320892333984
322,-0.6416723576808623,322,322,0.0,0.6416723576808624,131081,0.11,-0.6584605785252617,0.03418538436928449,0.034185384369284505,0.05062583529199912,0.25339833829288816,0.0,1646792193,0.4468431770801544,-0.17172735929489136
323,-0.13185399916558527,323,323,0.0,0.13185399916558527,131482,0.12,-0.12920124478175254,0.0014156056243290697,0.18863486840375457,0.031677086090036194,0.0,0.0,1646792594,-0.08314768970012665,0.972966194152832
324,0.23298972562166936,324,324,0.0,0.23298972562166934,131882,0.13,0.2609496947625652,0.050531596490801245,0.05053159649080126,0.05025106506355053,0.04769835502134101,0.008016902224164957,1646792994,0.012904496863484383,1.8332370519638062
325,0.5316287967421944,325,325,0.0,0.5316287967421943,132282,0.38,0.5331716568930185,0.017259844976864357,0.11580010274743563,0.026697186081755437,0.18717564801936448,0.012971866949948563,1646793394,0.9293869137763977,0.03120736964046955
326,-0.2500279815577938,326,326,0.0,0.2500279815577939,132681,0.89,-0.25901355159781836,0.08922719433707314,0.08922719433707317,0.08661070050947735,0.020743912073593718,0.0,1646793793,0.3149106204509735,0.2680145502090454
327,-0.15338432380270495,327,327,0.0,0.15338432380270495,133081,0.76,-0.1456342388946363,-0.028061496424724344,0.0560204659983353,-0.03132137337802703,0.00995087820753704,0.0005486038558393247,1646794193,0.1386042982339859,1.3004393577575684
328,-0.2816889729857076,328,328,0.0,0.2816889729857076,133482,0.07,-0.30318541371259183,-0.03615160216967319,0.03615160216967319,-0.030822266035141585,0.06351851041836376,0.0,1646794594,0.25112587213516235,-0.2936849296092987
329,0.08140488169654872,329,329,0.0,0.08640657609262815,133879,0.81,0.06304975501190657,-0.011655322860480904,0.05107904322959813,-0.017604406324818214,0.0,0.013423857360680636,1646794991,0.5083175301551819,-0.3797573745250702
330,0.20652898610361856,330,330,0.0,0.2065289861036185,134280,0.04,0.22024716503380848,-0.05447670420534556,0.0742543713208528,-0.04868393512550166,0.013632600824737828,0.008554967319991835,1646795392,0.21738113462924957,0.9473252892494202
331,0.3729076660386095,331,331,0.0,0.37290766603860953,134680,0.53,0.3933030943466769,0.025511766317891416,0.02551176631789143,0.010512616464244928,0.07788646449388636,9.672850742359351e-05,1646795792,0.8595388531684875,0.8186357617378235
332,-0.15494109542488818,332,332,0.0,0.15494109542488818,135079,0.06,-0.15522804484969493,-0.053566410903044266,0.060157157009621244,-0.05838133125829632,0.012903006308922382,0.0,1646796191,1.0632461309432983,0.3541853725910187
333,0.2599326402681229,333,333,0.0,0.25993264026812285,135476,0.63,0.26759669733827174,0.035115124809578194,0.11574897449592787,0.020837281382461367,0.03621776922606701,0.0,1646796588,0.17336072027683258,-0.1907568722963333
334,-0.09850686531245922,334,334,0.06,0.09850686531245922,135869,0.94,-0.1086123276966613,0.10152426190946447,0.10152426190946447,0.09552454728724533,0.018834150491139567,0.0,1646796981,0.2678879499435425,-0.04438406974077225
335,-0.5513292707451086,335,335,0.0,0.5513292707451086,136261,0.22,-0.5707481396577249,-0.00415898303175203,0.03528992309065884,-0.0009101761859104235,0.18263909226353903,0.0,1646797373,-0.058959439396858215,0.16736474633216858
336,0.08577239609599108,336,336,0.01,0.08577239609599106,136652,0.05,0.07952470526302399,-0.08096163330313563,0.08096163330313563,-0.0672421646956357,0.0,0.027541198542797574,1646797764,0.45635974407196045,-0.06637653708457947
337,-0.0896485823211102,337,337,0.0,0.08964858232111021,137047,0.4,-0.08218212992623206,0.006786908203555363,0.22185251568717868,0.0022979725000993106,0.024774574287578455,0.0,1646798159,0.22399049997329712,0.11824282258749008
338,0.11180810492413679,338,338,0.0,0.1118081049241368,137439,0.0,0.0915255612667908,0.003671588099846003,0.03421036445865143,-0.01633382369479038,0.009478625765815707,0.003289707940129727,1646798551,0.1277412474155426,-0.29922446608543396
339,0.6712645929280316,339,339,0.0,0.6712645929280318,137832,0.76,0.6941304729993919,-0.0058412132939555175,0.03322885586517075,-0.021661905760347617,0.2934291452401432,0.005145251693108088,1646798944,0.5106286406517029,-0.033056583255529404
340,-0.1475301474764687,340,340,0.0,0.14753014747646873,138225,0.35,-0.15213896375398145,0.036187077652668695,0.07630086942677718,0.028862397512455226,0.007392925210343071,0.0051006728316280725,1646799337,0.7273374199867249,0.6051919460296631
341,0.572595280114286,341,341,0.0,0.5725952801142858,138622,0.04,0.5935891092104564,0.06772664720652584,0.06772664720652583,0.04956791094174735,0.2144321633316788,0.0001591026021177111,1646799734,0.031494226306676865,1.3559691905975342
342,-0.14694737143925507,342,342,0.0,0.14694737143925507,139026,0.33,-0.15165223477435683,0.007770994408656397,0.03641237626569408,0.009177001604684723,0.0,0.0,1646800138,0.39596500992774963,-0.21802225708961487
343,-0.2791729195042905,343,343,0.0,0.27917291950429046,139429,1.0,-0.2864821839585489,0.15800524632059915,0.15800524632059915,0.17173908055113518,0.03522052227534589,0.01376740766995277,1646800541,0.05445600673556328,0.05953114852309227
344,-0.4637807547008367,344,344,0.0,0.4637807547008367,139835,0.09,-0.47695282248379345,0.05511332599903233,0.05511332599903232,0.039559647354434235,0.1314184729637884,0.0,1646800947,0.36175090074539185,0.40960243344306946
345,0.2950307688206453,345,345,0.0,0.29503076882064516,140240,0.48,0.29221781559098836,0.009761085280803442,0.03903300315327939,0.010159067599992338,0.03972034720914519,0.0,1646801352,-0.09043550491333008,-0.1294146031141281
